project name,pattern,spotbugs path,spotbugs lineno,rbugs path,rbugs linenocodegexcodegexcodegexcodegexcodegexcodegexcodegexcodegexcodegexcodegexcodegexcodegexcodegexcodegexcodegexcodegexcodegexcodegexcodegexcodegexcodegexcodegexcodegexcodegexcodegexcodegexcodegexcodegexcodegexcodegexcodegexcodegexcodegexcodegexcodegexcodegexcodegexcodegexcodegexcodegexcodegexcodegexcodegexcodegexcodegexcodegexcodegexcodegexcodegexcodegexcodegexcodegexcodegexcodegexcodegexcodegexcodegexcodegexcodegexcodegexcodegexcodegexcodegexcodegexcodegexcodegexcodegexcodegexcodegexcodegexcodegexcodegexcodegexcodegexcodegexcodegexcodegexcodegexcodegexcodegexcodegexcodegexcodegexcodegexcodegexcodegexcodegexcodegexcodegexcodegexcodegexcodegexcodegexcodegexcodegexcodegexcodegexcodegexcodegexcodegexcodegexcodegexcodegexcodegexcodegexcodegexcodegexcodegexcodegexcodegexcodegexcodegexcodegexcodegexcodegexcodegexcodegexcodegexcodegexcodegexcodegexcodegexcodegexcodegexcodegexcodegexcodegexcodegexcodegexcodegexcodegexcodegexcodegexcodegexcodegexcodegexcodegexcodegexcodegexcodegexcodegexcodegexcodegexcodegexcodegexcodegexcodegexcodegexcodegexcodegexcodegexcodegexcodegexcodegexcodegexcodegexcodegexcodegexcodegexcodegexcodegexcodegexcodegexcodegexcodegexcodegexcodegexcodegexcodegexcodegexcodegexcodegexcodegexcodegexcodegexcodegexcodegexcodegexcodegexcodegexcodegexcodegexcodegexcodegexcodegexcodegexcodegexcodegexcodegexcodegexcodegexcodegexcodegexcodegexcodegexcodegexcodegexcodegexcodegexcodegexcodegexcodegexcodegexcodegexcodegexcodegexcodegexcodegexcodegexcodegexcodegexcodegexcodegexcodegexcodegexcodegexcodegexcodegexcodegexcodegexcodegexcodegexcodegexcodegexcodegexcodegexcodegexcodegexcodegexcodegexcodegexcodegexcodegexcodegexcodegexcodegexcodegexcodegexcodegexcodegexcodegexcodegexcodegexcodegexcodegexcodegexcodegexcodegexcodegexcodegexcodegexcodegexcodegexcodegexcodegexcodegexcodegexcodegexcodegexcodegexcodegexcodegexcodegexcodegexcodegexcodegexcodegexcodegexcodegexcodegexcodegexcodegexcodegexcodegexcodegexcodegexcodegexcodegexcodegexcodegexcodegexcodegexcodegexcodegexcodegexcodegexcodegexcodegexcodegex
biojava,DM_STRING_CTOR,org/biojava/nbio/genome/parsers/gff/Location.java,846,/home/codegex/Documents/workspace/rbugs/experiment/top100repos/biojava/biojava-genome/src/main/java/org/biojava/nbio/genome/parsers/gff/Location.java,846
biojava,VA_FORMAT_STRING_USES_NEWLINE,org/biojava/nbio/structure/align/gui/DotPlotPanel.java,244,/home/codegex/Documents/workspace/rbugs/experiment/top100repos/biojava/biojava-structure-gui/src/main/java/org/biojava/nbio/structure/align/gui/DotPlotPanel.java,244
biojava,ES_COMPARING_STRINGS_WITH_EQ,org/biojava/nbio/structure/align/gui/jmol/MultipleAlignmentJmol.java,247,/home/codegex/Documents/workspace/rbugs/experiment/top100repos/biojava/biojava-structure-gui/src/main/java/org/biojava/nbio/structure/align/gui/jmol/MultipleAlignmentJmol.java,247
biojava,ES_COMPARING_STRINGS_WITH_EQ,org/biojava/nbio/structure/align/gui/jmol/MultipleAlignmentJmol.java,241,/home/codegex/Documents/workspace/rbugs/experiment/top100repos/biojava/biojava-structure-gui/src/main/java/org/biojava/nbio/structure/align/gui/jmol/MultipleAlignmentJmol.java,241
biojava,ES_COMPARING_STRINGS_WITH_EQ,org/biojava/nbio/structure/align/gui/jmol/MultipleAlignmentJmol.java,243,/home/codegex/Documents/workspace/rbugs/experiment/top100repos/biojava/biojava-structure-gui/src/main/java/org/biojava/nbio/structure/align/gui/jmol/MultipleAlignmentJmol.java,243
biojava,ES_COMPARING_STRINGS_WITH_EQ,org/biojava/nbio/structure/align/gui/jmol/MultipleAlignmentJmol.java,245,/home/codegex/Documents/workspace/rbugs/experiment/top100repos/biojava/biojava-structure-gui/src/main/java/org/biojava/nbio/structure/align/gui/jmol/MultipleAlignmentJmol.java,245
biojava,VA_FORMAT_STRING_USES_NEWLINE,org/biojava/nbio/structure/gui/util/color/HSVColorSpace.java,62,/home/codegex/Documents/workspace/rbugs/experiment/top100repos/biojava/biojava-structure-gui/src/main/java/org/biojava/nbio/structure/gui/util/color/HSVColorSpace.java,62
biojava,VA_FORMAT_STRING_USES_NEWLINE,org/biojava/nbio/structure/gui/util/color/HSVColorSpace.java,76,/home/codegex/Documents/workspace/rbugs/experiment/top100repos/biojava/biojava-structure-gui/src/main/java/org/biojava/nbio/structure/gui/util/color/HSVColorSpace.java,76
biojava,VA_FORMAT_STRING_USES_NEWLINE,org/biojava/nbio/structure/gui/util/color/HSVColorSpace.java,69,/home/codegex/Documents/workspace/rbugs/experiment/top100repos/biojava/biojava-structure-gui/src/main/java/org/biojava/nbio/structure/gui/util/color/HSVColorSpace.java,69
biojava,VA_FORMAT_STRING_USES_NEWLINE,org/biojava/nbio/structure/gui/util/color/HSVColorSpace.java,47,/home/codegex/Documents/workspace/rbugs/experiment/top100repos/biojava/biojava-structure-gui/src/main/java/org/biojava/nbio/structure/gui/util/color/HSVColorSpace.java,47
biojava,VA_FORMAT_STRING_USES_NEWLINE,org/biojava/nbio/structure/gui/util/color/HSVColorSpace.java,55,/home/codegex/Documents/workspace/rbugs/experiment/top100repos/biojava/biojava-structure-gui/src/main/java/org/biojava/nbio/structure/gui/util/color/HSVColorSpace.java,55
biojava,VA_FORMAT_STRING_USES_NEWLINE,demo/DemoAsa.java,72,/home/codegex/Documents/workspace/rbugs/experiment/top100repos/biojava/biojava-structure/src/main/java/demo/DemoAsa.java,72
biojava,VA_FORMAT_STRING_USES_NEWLINE,demo/DemoAsa.java,82,/home/codegex/Documents/workspace/rbugs/experiment/top100repos/biojava/biojava-structure/src/main/java/demo/DemoAsa.java,82
biojava,VA_FORMAT_STRING_USES_NEWLINE,demo/DemoAsa.java,81,/home/codegex/Documents/workspace/rbugs/experiment/top100repos/biojava/biojava-structure/src/main/java/demo/DemoAsa.java,81
biojava,VA_FORMAT_STRING_USES_NEWLINE,demo/DemoContacts.java,63,/home/codegex/Documents/workspace/rbugs/experiment/top100repos/biojava/biojava-structure/src/main/java/demo/DemoContacts.java,63
biojava,VA_FORMAT_STRING_USES_NEWLINE,demo/DemoContacts.java,96,/home/codegex/Documents/workspace/rbugs/experiment/top100repos/biojava/biojava-structure/src/main/java/demo/DemoContacts.java,96
biojava,VA_FORMAT_STRING_USES_NEWLINE,demo/DemoCrystalInterfaces.java,150,/home/codegex/Documents/workspace/rbugs/experiment/top100repos/biojava/biojava-structure/src/main/java/demo/DemoCrystalInterfaces.java,150
biojava,VA_FORMAT_STRING_USES_NEWLINE,demo/DemoSymmetry.java,78,/home/codegex/Documents/workspace/rbugs/experiment/top100repos/biojava/biojava-structure/src/main/java/demo/DemoSymmetry.java,78
biojava,VA_FORMAT_STRING_USES_NEWLINE,demo/DemoSymmetry.java,102,/home/codegex/Documents/workspace/rbugs/experiment/top100repos/biojava/biojava-structure/src/main/java/demo/DemoSymmetry.java,102
biojava,CNT_ROUGH_CONSTANT_VALUE,org/biojava/nbio/structure/Element.java,59,/home/codegex/Documents/workspace/rbugs/experiment/top100repos/biojava/biojava-structure/src/main/java/org/biojava/nbio/structure/Element.java,59
biojava,VA_FORMAT_STRING_USES_NEWLINE,org/biojava/nbio/structure/align/ce/CeCPMain.java,155,/home/codegex/Documents/workspace/rbugs/experiment/top100repos/biojava/biojava-structure/src/main/java/org/biojava/nbio/structure/align/ce/CeCPMain.java,155
biojava,VA_FORMAT_STRING_USES_NEWLINE,org/biojava/nbio/structure/align/ce/CeCPMain.java,174,/home/codegex/Documents/workspace/rbugs/experiment/top100repos/biojava/biojava-structure/src/main/java/org/biojava/nbio/structure/align/ce/CeCPMain.java,174
biojava,VA_FORMAT_STRING_USES_NEWLINE,org/biojava/nbio/structure/align/ce/CeCPMain.java,168,/home/codegex/Documents/workspace/rbugs/experiment/top100repos/biojava/biojava-structure/src/main/java/org/biojava/nbio/structure/align/ce/CeCPMain.java,168
biojava,VA_FORMAT_STRING_USES_NEWLINE,org/biojava/nbio/structure/align/ce/CeCPMain.java,747,/home/codegex/Documents/workspace/rbugs/experiment/top100repos/biojava/biojava-structure/src/main/java/org/biojava/nbio/structure/align/ce/CeCPMain.java,747
biojava,VA_FORMAT_STRING_USES_NEWLINE,org/biojava/nbio/structure/align/ce/CeCPMain.java,388,/home/codegex/Documents/workspace/rbugs/experiment/top100repos/biojava/biojava-structure/src/main/java/org/biojava/nbio/structure/align/ce/CeCPMain.java,389
biojava,VA_FORMAT_STRING_USES_NEWLINE,org/biojava/nbio/structure/align/ce/CeCPMain.java,378,/home/codegex/Documents/workspace/rbugs/experiment/top100repos/biojava/biojava-structure/src/main/java/org/biojava/nbio/structure/align/ce/CeCPMain.java,379
biojava,VA_FORMAT_STRING_USES_NEWLINE,org/biojava/nbio/structure/align/ce/CeCalculatorEnhanced.java,2041,/home/codegex/Documents/workspace/rbugs/experiment/top100repos/biojava/biojava-structure/src/main/java/org/biojava/nbio/structure/align/ce/CeCalculatorEnhanced.java,2041
biojava,VA_FORMAT_STRING_USES_NEWLINE,org/biojava/nbio/structure/align/ce/OptimalCECPMain.java,528,/home/codegex/Documents/workspace/rbugs/experiment/top100repos/biojava/biojava-structure/src/main/java/org/biojava/nbio/structure/align/ce/OptimalCECPMain.java,528
biojava,VA_FORMAT_STRING_USES_NEWLINE,org/biojava/nbio/structure/align/ce/OptimalCECPMain.java,590,/home/codegex/Documents/workspace/rbugs/experiment/top100repos/biojava/biojava-structure/src/main/java/org/biojava/nbio/structure/align/ce/OptimalCECPMain.java,590
biojava,VA_FORMAT_STRING_USES_NEWLINE,org/biojava/nbio/structure/align/ce/OptimalCECPMain.java,585,/home/codegex/Documents/workspace/rbugs/experiment/top100repos/biojava/biojava-structure/src/main/java/org/biojava/nbio/structure/align/ce/OptimalCECPMain.java,585
biojava,VA_FORMAT_STRING_USES_NEWLINE,org/biojava/nbio/structure/align/fatcat/calc/AFPCalculator.java,292,/home/codegex/Documents/workspace/rbugs/experiment/top100repos/biojava/biojava-structure/src/main/java/org/biojava/nbio/structure/align/fatcat/calc/AFPCalculator.java,292
biojava,VA_FORMAT_STRING_USES_NEWLINE,org/biojava/nbio/structure/align/fatcat/calc/AFPChainer.java,533,/home/codegex/Documents/workspace/rbugs/experiment/top100repos/biojava/biojava-structure/src/main/java/org/biojava/nbio/structure/align/fatcat/calc/AFPChainer.java,533
biojava,VA_FORMAT_STRING_USES_NEWLINE,org/biojava/nbio/structure/align/fatcat/calc/AFPChainer.java,522,/home/codegex/Documents/workspace/rbugs/experiment/top100repos/biojava/biojava-structure/src/main/java/org/biojava/nbio/structure/align/fatcat/calc/AFPChainer.java,522
biojava,VA_FORMAT_STRING_USES_NEWLINE,org/biojava/nbio/structure/align/fatcat/calc/FCAlignHelper.java,258,/home/codegex/Documents/workspace/rbugs/experiment/top100repos/biojava/biojava-structure/src/main/java/org/biojava/nbio/structure/align/fatcat/calc/FCAlignHelper.java,258
biojava,VA_FORMAT_STRING_USES_NEWLINE,org/biojava/nbio/structure/align/fatcat/calc/FCAlignHelper.java,254,/home/codegex/Documents/workspace/rbugs/experiment/top100repos/biojava/biojava-structure/src/main/java/org/biojava/nbio/structure/align/fatcat/calc/FCAlignHelper.java,254
biojava,VA_FORMAT_STRING_USES_NEWLINE,org/biojava/nbio/structure/align/multiple/util/MultipleAlignmentWriter.java,346,/home/codegex/Documents/workspace/rbugs/experiment/top100repos/biojava/biojava-structure/src/main/java/org/biojava/nbio/structure/align/multiple/util/MultipleAlignmentWriter.java,346
biojava,VA_FORMAT_STRING_USES_NEWLINE,org/biojava/nbio/structure/align/util/AlignmentTools.java,1162,/home/codegex/Documents/workspace/rbugs/experiment/top100repos/biojava/biojava-structure/src/main/java/org/biojava/nbio/structure/align/util/AlignmentTools.java,1162
biojava,VA_FORMAT_STRING_USES_NEWLINE,org/biojava/nbio/structure/align/util/AlignmentTools.java,1172,/home/codegex/Documents/workspace/rbugs/experiment/top100repos/biojava/biojava-structure/src/main/java/org/biojava/nbio/structure/align/util/AlignmentTools.java,1172
biojava,VA_FORMAT_STRING_USES_NEWLINE,org/biojava/nbio/structure/align/util/AlignmentTools.java,1188,/home/codegex/Documents/workspace/rbugs/experiment/top100repos/biojava/biojava-structure/src/main/java/org/biojava/nbio/structure/align/util/AlignmentTools.java,1188
biojava,VA_FORMAT_STRING_USES_NEWLINE,org/biojava/nbio/structure/domain/pdp/ClusterDomains.java,104,/home/codegex/Documents/workspace/rbugs/experiment/top100repos/biojava/biojava-structure/src/main/java/org/biojava/nbio/structure/domain/pdp/ClusterDomains.java,104
biojava,VA_FORMAT_STRING_USES_NEWLINE,org/biojava/nbio/structure/domain/pdp/Cut.java,170,/home/codegex/Documents/workspace/rbugs/experiment/top100repos/biojava/biojava-structure/src/main/java/org/biojava/nbio/structure/domain/pdp/Cut.java,170
biojava,VA_FORMAT_STRING_USES_NEWLINE,org/biojava/nbio/structure/domain/pdp/CutDomain.java,88,/home/codegex/Documents/workspace/rbugs/experiment/top100repos/biojava/biojava-structure/src/main/java/org/biojava/nbio/structure/domain/pdp/CutDomain.java,88
biojava,VA_FORMAT_STRING_USES_NEWLINE,org/biojava/nbio/structure/domain/pdp/GetDistanceMatrix.java,42,/home/codegex/Documents/workspace/rbugs/experiment/top100repos/biojava/biojava-structure/src/main/java/org/biojava/nbio/structure/domain/pdp/GetDistanceMatrix.java,42
biojava,CNT_ROUGH_CONSTANT_VALUE,org/biojava/nbio/ronn/ORonnModel.java,100,/home/codegex/Documents/workspace/rbugs/experiment/top100repos/biojava/biojava-protein-disorder/src/main/java/org/biojava/nbio/ronn/ORonnModel.java,101
biojava,VA_FORMAT_STRING_USES_NEWLINE,org/biojava/nbio/ronn/ORonnModel.java,136,/home/codegex/Documents/workspace/rbugs/experiment/top100repos/biojava/biojava-protein-disorder/src/main/java/org/biojava/nbio/ronn/ORonnModel.java,136
quickfixj,UI_INHERITANCE_UNSAFE_GETRESOURCE,org/quickfixj/codegenerator/MessageCodeGenerator.java,231,/home/codegex/Documents/workspace/rbugs/experiment/top100repos/quickfixj/quickfixj-codegenerator/src/main/java/org/quickfixj/codegenerator/MessageCodeGenerator.java,231
fabric8-maven-plugin,VA_FORMAT_STRING_USES_NEWLINE,io/fabric8/maven/generator/springboot/SpringBootGenerator.java,266,/home/codegex/Documents/workspace/rbugs/experiment/top100repos/fabric8-maven-plugin/generator/spring-boot/src/main/java/io/fabric8/maven/generator/springboot/SpringBootGenerator.java,267
fabric8-maven-plugin,UI_INHERITANCE_UNSAFE_GETRESOURCE,io/fabric8/maven/enricher/deprecated/IconEnricher.java,294,/home/codegex/Documents/workspace/rbugs/experiment/top100repos/fabric8-maven-plugin/enricher/deprecated/src/main/java/io/fabric8/maven/enricher/deprecated/IconEnricher.java,294
fabric8-maven-plugin,UI_INHERITANCE_UNSAFE_GETRESOURCE,io/fabric8/maven/core/util/validator/ResourceValidator.java,177,/home/codegex/Documents/workspace/rbugs/experiment/top100repos/fabric8-maven-plugin/core/src/main/java/io/fabric8/maven/core/util/validator/ResourceValidator.java,177
fabric8-maven-plugin,NM_SAME_SIMPLE_NAME_AS_SUPERCLASS,io/fabric8/maven/plugin/mojo/build/BuildMojo.java,66,/home/codegex/Documents/workspace/rbugs/experiment/top100repos/fabric8-maven-plugin/plugin/src/main/java/io/fabric8/maven/plugin/mojo/build/BuildMojo.java,66
fabric8-maven-plugin,DMI_RANDOM_USED_ONLY_ONCE,io/fabric8/maven/plugin/mojo/develop/DebugMojo.java,284,/home/codegex/Documents/workspace/rbugs/experiment/top100repos/fabric8-maven-plugin/plugin/src/main/java/io/fabric8/maven/plugin/mojo/develop/DebugMojo.java,284
fabric8-maven-plugin,NM_SAME_SIMPLE_NAME_AS_SUPERCLASS,io/fabric8/maven/plugin/mojo/develop/WatchMojo.java,70,/home/codegex/Documents/workspace/rbugs/experiment/top100repos/fabric8-maven-plugin/plugin/src/main/java/io/fabric8/maven/plugin/mojo/develop/WatchMojo.java,70
cloud-opensource-java,VA_FORMAT_STRING_USES_NEWLINE,com/google/cloud/tools/opensource/classpath/InaccessibleClassProblem.java,82,/home/codegex/Documents/workspace/rbugs/experiment/top100repos/cloud-opensource-java/dependencies/src/main/java/com/google/cloud/tools/opensource/classpath/InaccessibleClassProblem.java,83
cloud-opensource-java,VA_FORMAT_STRING_USES_NEWLINE,com/google/cloud/tools/opensource/classpath/LinkageProblem.java,145,/home/codegex/Documents/workspace/rbugs/experiment/top100repos/cloud-opensource-java/dependencies/src/main/java/com/google/cloud/tools/opensource/classpath/LinkageProblem.java,146
gchisto,NM_SAME_SIMPLE_NAME_AS_INTERFACE,gchisto/gctracegenerator/file/hotspot/GCLogFileReader.java,41,/home/codegex/Documents/workspace/rbugs/experiment/top100repos/gchisto/src/main/java/gchisto/gctracegenerator/file/hotspot/GCLogFileReader.java,42
gchisto,NM_SAME_SIMPLE_NAME_AS_INTERFACE,gchisto/gctracegenerator/file/simple/GCLogFileReader.java,42,/home/codegex/Documents/workspace/rbugs/experiment/top100repos/gchisto/src/main/java/gchisto/gctracegenerator/file/simple/GCLogFileReader.java,43
gchisto,VA_FORMAT_STRING_USES_NEWLINE,gchisto/gui/panels/gcdata/DataPanel.java,50,/home/codegex/Documents/workspace/rbugs/experiment/top100repos/gchisto/src/main/java/gchisto/gui/panels/gcdata/DataPanel.java,50
cloud-espm-v2,UI_INHERITANCE_UNSAFE_GETRESOURCE,com/sap/espm/model/util/ReadProperties.java,42,/home/codegex/Documents/workspace/rbugs/experiment/top100repos/cloud-espm-v2/espm-cloud-web/src/main/java/com/sap/espm/model/util/ReadProperties.java,42
jetty.project,RC_REF_COMPARISON_BAD_PRACTICE_BOOLEAN,com/acme/Dump.java,177,/home/codegex/Documents/workspace/rbugs/experiment/top100repos/jetty.project/demos/demo-jetty-webapp/src/main/java/com/acme/Dump.java,177
jetty.project,UI_INHERITANCE_UNSAFE_GETRESOURCE,com/acme/Dump.java,780,/home/codegex/Documents/workspace/rbugs/experiment/top100repos/jetty.project/demos/demo-jetty-webapp/src/main/java/com/acme/Dump.java,780
jetty.project,NM_SAME_SIMPLE_NAME_AS_INTERFACE,org/eclipse/jetty/jndi/InitialContextFactory.java,36,/home/codegex/Documents/workspace/rbugs/experiment/top100repos/jetty.project/jetty-jndi/src/main/java/org/eclipse/jetty/jndi/InitialContextFactory.java,36
jetty.project,VA_FORMAT_STRING_USES_NEWLINE,org/eclipse/jetty/start/Main.java,158,/home/codegex/Documents/workspace/rbugs/experiment/top100repos/jetty.project/jetty-start/src/main/java/org/eclipse/jetty/start/Main.java,158
jetty.project,RV_EXCEPTION_NOT_THROWN,org/eclipse/jetty/ant/ServerProxyImpl.java,286,/home/codegex/Documents/workspace/rbugs/experiment/top100repos/jetty.project/jetty-ant/src/main/java/org/eclipse/jetty/ant/ServerProxyImpl.java,286
jetty.project,RC_REF_COMPARISON_BAD_PRACTICE_BOOLEAN,org/eclipse/jetty/http/HttpGenerator.java,649,/home/codegex/Documents/workspace/rbugs/experiment/top100repos/jetty.project/jetty-http/src/main/java/org/eclipse/jetty/http/HttpGenerator.java,649
jetty.project,VA_FORMAT_STRING_USES_NEWLINE,org/eclipse/jetty/http/HttpTester.java,541,/home/codegex/Documents/workspace/rbugs/experiment/top100repos/jetty.project/jetty-http/src/main/java/org/eclipse/jetty/http/HttpTester.java,541
jetty.project,VA_FORMAT_STRING_USES_NEWLINE,org/eclipse/jetty/http/HttpTester.java,582,/home/codegex/Documents/workspace/rbugs/experiment/top100repos/jetty.project/jetty-http/src/main/java/org/eclipse/jetty/http/HttpTester.java,582
jetty.project,RC_REF_COMPARISON_BAD_PRACTICE_BOOLEAN,org/eclipse/jetty/http/HttpURI.java,1264,/home/codegex/Documents/workspace/rbugs/experiment/top100repos/jetty.project/jetty-http/src/main/java/org/eclipse/jetty/http/HttpURI.java,1264
jetty.project,RC_REF_COMPARISON_BAD_PRACTICE_BOOLEAN,org/eclipse/jetty/http/HttpURI.java,1262,/home/codegex/Documents/workspace/rbugs/experiment/top100repos/jetty.project/jetty-http/src/main/java/org/eclipse/jetty/http/HttpURI.java,1262
jetty.project,RC_REF_COMPARISON_BAD_PRACTICE_BOOLEAN,org/eclipse/jetty/webapp/ClassMatcher.java,772,/home/codegex/Documents/workspace/rbugs/experiment/top100repos/jetty.project/jetty-webapp/src/main/java/org/eclipse/jetty/webapp/ClassMatcher.java,772
jetty.project,RC_REF_COMPARISON_BAD_PRACTICE_BOOLEAN,org/eclipse/jetty/webapp/ClassMatcher.java,785,/home/codegex/Documents/workspace/rbugs/experiment/top100repos/jetty.project/jetty-webapp/src/main/java/org/eclipse/jetty/webapp/ClassMatcher.java,785
triava,NM_SAME_SIMPLE_NAME_AS_INTERFACE,com/trivago/triava/tcache/core/CacheLoader.java,33,/home/codegex/Documents/workspace/rbugs/experiment/top100repos/triava/src/main/java/com/trivago/triava/tcache/core/CacheLoader.java,33
jmh,DM_INVALID_MIN_MAX,org/openjdk/jmh/profile/LinuxPerfNormProfiler.java,273,/home/codegex/Documents/workspace/rbugs/experiment/top100repos/jmh/jmh-core/src/main/java/org/openjdk/jmh/profile/LinuxPerfNormProfiler.java,273
Benchmark,NM_SAME_SIMPLE_NAME_AS_SUPERCLASS,org/owasp/benchmark/helpers/ExpressionEvaluator.java,29,/home/codegex/Documents/workspace/rbugs/experiment/top100repos/Benchmark/src/main/java/org/owasp/benchmark/helpers/ExpressionEvaluator.java,29
Benchmark,DMI_RANDOM_USED_ONLY_ONCE,org/owasp/benchmark/testcode/BenchmarkTest00023.java,49,/home/codegex/Documents/workspace/rbugs/experiment/top100repos/Benchmark/src/main/java/org/owasp/benchmark/testcode/BenchmarkTest00023.java,49
Benchmark,DMI_RANDOM_USED_ONLY_ONCE,org/owasp/benchmark/testcode/BenchmarkTest00078.java,71,/home/codegex/Documents/workspace/rbugs/experiment/top100repos/Benchmark/src/main/java/org/owasp/benchmark/testcode/BenchmarkTest00078.java,71
Benchmark,DMI_RANDOM_USED_ONLY_ONCE,org/owasp/benchmark/testcode/BenchmarkTest00079.java,72,/home/codegex/Documents/workspace/rbugs/experiment/top100repos/Benchmark/src/main/java/org/owasp/benchmark/testcode/BenchmarkTest00079.java,72
Benchmark,DMI_RANDOM_USED_ONLY_ONCE,org/owasp/benchmark/testcode/BenchmarkTest00080.java,67,/home/codegex/Documents/workspace/rbugs/experiment/top100repos/Benchmark/src/main/java/org/owasp/benchmark/testcode/BenchmarkTest00080.java,67
Benchmark,DMI_RANDOM_USED_ONLY_ONCE,org/owasp/benchmark/testcode/BenchmarkTest00081.java,67,/home/codegex/Documents/workspace/rbugs/experiment/top100repos/Benchmark/src/main/java/org/owasp/benchmark/testcode/BenchmarkTest00081.java,67
Benchmark,DMI_RANDOM_USED_ONLY_ONCE,org/owasp/benchmark/testcode/BenchmarkTest00084.java,68,/home/codegex/Documents/workspace/rbugs/experiment/top100repos/Benchmark/src/main/java/org/owasp/benchmark/testcode/BenchmarkTest00084.java,68
Benchmark,DMI_RANDOM_USED_ONLY_ONCE,org/owasp/benchmark/testcode/BenchmarkTest00085.java,72,/home/codegex/Documents/workspace/rbugs/experiment/top100repos/Benchmark/src/main/java/org/owasp/benchmark/testcode/BenchmarkTest00085.java,72
Benchmark,DMI_RANDOM_USED_ONLY_ONCE,org/owasp/benchmark/testcode/BenchmarkTest00086.java,73,/home/codegex/Documents/workspace/rbugs/experiment/top100repos/Benchmark/src/main/java/org/owasp/benchmark/testcode/BenchmarkTest00086.java,73
Benchmark,DMI_RANDOM_USED_ONLY_ONCE,org/owasp/benchmark/testcode/BenchmarkTest00160.java,60,/home/codegex/Documents/workspace/rbugs/experiment/top100repos/Benchmark/src/main/java/org/owasp/benchmark/testcode/BenchmarkTest00160.java,60
Benchmark,DMI_RANDOM_USED_ONLY_ONCE,org/owasp/benchmark/testcode/BenchmarkTest00161.java,61,/home/codegex/Documents/workspace/rbugs/experiment/top100repos/Benchmark/src/main/java/org/owasp/benchmark/testcode/BenchmarkTest00161.java,61
Benchmark,DMI_RANDOM_USED_ONLY_ONCE,org/owasp/benchmark/testcode/BenchmarkTest00162.java,55,/home/codegex/Documents/workspace/rbugs/experiment/top100repos/Benchmark/src/main/java/org/owasp/benchmark/testcode/BenchmarkTest00162.java,55
Benchmark,DMI_RANDOM_USED_ONLY_ONCE,org/owasp/benchmark/testcode/BenchmarkTest00163.java,56,/home/codegex/Documents/workspace/rbugs/experiment/top100repos/Benchmark/src/main/java/org/owasp/benchmark/testcode/BenchmarkTest00163.java,56
Benchmark,DMI_RANDOM_USED_ONLY_ONCE,org/owasp/benchmark/testcode/BenchmarkTest00164.java,61,/home/codegex/Documents/workspace/rbugs/experiment/top100repos/Benchmark/src/main/java/org/owasp/benchmark/testcode/BenchmarkTest00164.java,61
Benchmark,DMI_RANDOM_USED_ONLY_ONCE,org/owasp/benchmark/testcode/BenchmarkTest00165.java,58,/home/codegex/Documents/workspace/rbugs/experiment/top100repos/Benchmark/src/main/java/org/owasp/benchmark/testcode/BenchmarkTest00165.java,58
Benchmark,DMI_RANDOM_USED_ONLY_ONCE,org/owasp/benchmark/testcode/BenchmarkTest00166.java,55,/home/codegex/Documents/workspace/rbugs/experiment/top100repos/Benchmark/src/main/java/org/owasp/benchmark/testcode/BenchmarkTest00166.java,55
Benchmark,DMI_RANDOM_USED_ONLY_ONCE,org/owasp/benchmark/testcode/BenchmarkTest00167.java,59,/home/codegex/Documents/workspace/rbugs/experiment/top100repos/Benchmark/src/main/java/org/owasp/benchmark/testcode/BenchmarkTest00167.java,59
Benchmark,DMI_RANDOM_USED_ONLY_ONCE,org/owasp/benchmark/testcode/BenchmarkTest00168.java,61,/home/codegex/Documents/workspace/rbugs/experiment/top100repos/Benchmark/src/main/java/org/owasp/benchmark/testcode/BenchmarkTest00168.java,61
Benchmark,DMI_RANDOM_USED_ONLY_ONCE,org/owasp/benchmark/testcode/BenchmarkTest00230.java,68,/home/codegex/Documents/workspace/rbugs/experiment/top100repos/Benchmark/src/main/java/org/owasp/benchmark/testcode/BenchmarkTest00230.java,68
Benchmark,DMI_RANDOM_USED_ONLY_ONCE,org/owasp/benchmark/testcode/BenchmarkTest00231.java,69,/home/codegex/Documents/workspace/rbugs/experiment/top100repos/Benchmark/src/main/java/org/owasp/benchmark/testcode/BenchmarkTest00231.java,69
Benchmark,DMI_RANDOM_USED_ONLY_ONCE,org/owasp/benchmark/testcode/BenchmarkTest00232.java,70,/home/codegex/Documents/workspace/rbugs/experiment/top100repos/Benchmark/src/main/java/org/owasp/benchmark/testcode/BenchmarkTest00232.java,70
Benchmark,DMI_RANDOM_USED_ONLY_ONCE,org/owasp/benchmark/testcode/BenchmarkTest00235.java,65,/home/codegex/Documents/workspace/rbugs/experiment/top100repos/Benchmark/src/main/java/org/owasp/benchmark/testcode/BenchmarkTest00235.java,65
Benchmark,DMI_RANDOM_USED_ONLY_ONCE,org/owasp/benchmark/testcode/BenchmarkTest00236.java,70,/home/codegex/Documents/workspace/rbugs/experiment/top100repos/Benchmark/src/main/java/org/owasp/benchmark/testcode/BenchmarkTest00236.java,70
Benchmark,DMI_RANDOM_USED_ONLY_ONCE,org/owasp/benchmark/testcode/BenchmarkTest00237.java,83,/home/codegex/Documents/workspace/rbugs/experiment/top100repos/Benchmark/src/main/java/org/owasp/benchmark/testcode/BenchmarkTest00237.java,83
Benchmark,DMI_RANDOM_USED_ONLY_ONCE,org/owasp/benchmark/testcode/BenchmarkTest00238.java,68,/home/codegex/Documents/workspace/rbugs/experiment/top100repos/Benchmark/src/main/java/org/owasp/benchmark/testcode/BenchmarkTest00238.java,68
Benchmark,DMI_RANDOM_USED_ONLY_ONCE,org/owasp/benchmark/testcode/BenchmarkTest00239.java,77,/home/codegex/Documents/workspace/rbugs/experiment/top100repos/Benchmark/src/main/java/org/owasp/benchmark/testcode/BenchmarkTest00239.java,77
Benchmark,DMI_RANDOM_USED_ONLY_ONCE,org/owasp/benchmark/testcode/BenchmarkTest00240.java,65,/home/codegex/Documents/workspace/rbugs/experiment/top100repos/Benchmark/src/main/java/org/owasp/benchmark/testcode/BenchmarkTest00240.java,65
Benchmark,DMI_RANDOM_USED_ONLY_ONCE,org/owasp/benchmark/testcode/BenchmarkTest00296.java,63,/home/codegex/Documents/workspace/rbugs/experiment/top100repos/Benchmark/src/main/java/org/owasp/benchmark/testcode/BenchmarkTest00296.java,63
Benchmark,DMI_RANDOM_USED_ONLY_ONCE,org/owasp/benchmark/testcode/BenchmarkTest00297.java,58,/home/codegex/Documents/workspace/rbugs/experiment/top100repos/Benchmark/src/main/java/org/owasp/benchmark/testcode/BenchmarkTest00297.java,58
Benchmark,DMI_RANDOM_USED_ONLY_ONCE,org/owasp/benchmark/testcode/BenchmarkTest00299.java,63,/home/codegex/Documents/workspace/rbugs/experiment/top100repos/Benchmark/src/main/java/org/owasp/benchmark/testcode/BenchmarkTest00299.java,63
Benchmark,DMI_RANDOM_USED_ONLY_ONCE,org/owasp/benchmark/testcode/BenchmarkTest00347.java,49,/home/codegex/Documents/workspace/rbugs/experiment/top100repos/Benchmark/src/main/java/org/owasp/benchmark/testcode/BenchmarkTest00347.java,49
Benchmark,DMI_RANDOM_USED_ONLY_ONCE,org/owasp/benchmark/testcode/BenchmarkTest00397.java,52,/home/codegex/Documents/workspace/rbugs/experiment/top100repos/Benchmark/src/main/java/org/owasp/benchmark/testcode/BenchmarkTest00397.java,52
Benchmark,DMI_RANDOM_USED_ONLY_ONCE,org/owasp/benchmark/testcode/BenchmarkTest00398.java,56,/home/codegex/Documents/workspace/rbugs/experiment/top100repos/Benchmark/src/main/java/org/owasp/benchmark/testcode/BenchmarkTest00398.java,56
Benchmark,DMI_RANDOM_USED_ONLY_ONCE,org/owasp/benchmark/testcode/BenchmarkTest00399.java,64,/home/codegex/Documents/workspace/rbugs/experiment/top100repos/Benchmark/src/main/java/org/owasp/benchmark/testcode/BenchmarkTest00399.java,64
Benchmark,DMI_RANDOM_USED_ONLY_ONCE,org/owasp/benchmark/testcode/BenchmarkTest00400.java,69,/home/codegex/Documents/workspace/rbugs/experiment/top100repos/Benchmark/src/main/java/org/owasp/benchmark/testcode/BenchmarkTest00400.java,69
Benchmark,DMI_RANDOM_USED_ONLY_ONCE,org/owasp/benchmark/testcode/BenchmarkTest00402.java,54,/home/codegex/Documents/workspace/rbugs/experiment/top100repos/Benchmark/src/main/java/org/owasp/benchmark/testcode/BenchmarkTest00402.java,54
Benchmark,DMI_RANDOM_USED_ONLY_ONCE,org/owasp/benchmark/testcode/BenchmarkTest00482.java,56,/home/codegex/Documents/workspace/rbugs/experiment/top100repos/Benchmark/src/main/java/org/owasp/benchmark/testcode/BenchmarkTest00482.java,56
Benchmark,DMI_RANDOM_USED_ONLY_ONCE,org/owasp/benchmark/testcode/BenchmarkTest00483.java,62,/home/codegex/Documents/workspace/rbugs/experiment/top100repos/Benchmark/src/main/java/org/owasp/benchmark/testcode/BenchmarkTest00483.java,62
Benchmark,DMI_RANDOM_USED_ONLY_ONCE,org/owasp/benchmark/testcode/BenchmarkTest00484.java,61,/home/codegex/Documents/workspace/rbugs/experiment/top100repos/Benchmark/src/main/java/org/owasp/benchmark/testcode/BenchmarkTest00484.java,61
Benchmark,DMI_RANDOM_USED_ONLY_ONCE,org/owasp/benchmark/testcode/BenchmarkTest00486.java,55,/home/codegex/Documents/workspace/rbugs/experiment/top100repos/Benchmark/src/main/java/org/owasp/benchmark/testcode/BenchmarkTest00486.java,55
Benchmark,DMI_RANDOM_USED_ONLY_ONCE,org/owasp/benchmark/testcode/BenchmarkTest00487.java,60,/home/codegex/Documents/workspace/rbugs/experiment/top100repos/Benchmark/src/main/java/org/owasp/benchmark/testcode/BenchmarkTest00487.java,60
Benchmark,DMI_RANDOM_USED_ONLY_ONCE,org/owasp/benchmark/testcode/BenchmarkTest00488.java,65,/home/codegex/Documents/workspace/rbugs/experiment/top100repos/Benchmark/src/main/java/org/owasp/benchmark/testcode/BenchmarkTest00488.java,65
Benchmark,DMI_RANDOM_USED_ONLY_ONCE,org/owasp/benchmark/testcode/BenchmarkTest00489.java,60,/home/codegex/Documents/workspace/rbugs/experiment/top100repos/Benchmark/src/main/java/org/owasp/benchmark/testcode/BenchmarkTest00489.java,60
Benchmark,DMI_RANDOM_USED_ONLY_ONCE,org/owasp/benchmark/testcode/BenchmarkTest00490.java,65,/home/codegex/Documents/workspace/rbugs/experiment/top100repos/Benchmark/src/main/java/org/owasp/benchmark/testcode/BenchmarkTest00490.java,65
Benchmark,DMI_RANDOM_USED_ONLY_ONCE,org/owasp/benchmark/testcode/BenchmarkTest00560.java,70,/home/codegex/Documents/workspace/rbugs/experiment/top100repos/Benchmark/src/main/java/org/owasp/benchmark/testcode/BenchmarkTest00560.java,70
Benchmark,DMI_RANDOM_USED_ONLY_ONCE,org/owasp/benchmark/testcode/BenchmarkTest00561.java,74,/home/codegex/Documents/workspace/rbugs/experiment/top100repos/Benchmark/src/main/java/org/owasp/benchmark/testcode/BenchmarkTest00561.java,74
Benchmark,DMI_RANDOM_USED_ONLY_ONCE,org/owasp/benchmark/testcode/BenchmarkTest00562.java,83,/home/codegex/Documents/workspace/rbugs/experiment/top100repos/Benchmark/src/main/java/org/owasp/benchmark/testcode/BenchmarkTest00562.java,83
Benchmark,DMI_RANDOM_USED_ONLY_ONCE,org/owasp/benchmark/testcode/BenchmarkTest00563.java,64,/home/codegex/Documents/workspace/rbugs/experiment/top100repos/Benchmark/src/main/java/org/owasp/benchmark/testcode/BenchmarkTest00563.java,64
Benchmark,DMI_RANDOM_USED_ONLY_ONCE,org/owasp/benchmark/testcode/BenchmarkTest00564.java,65,/home/codegex/Documents/workspace/rbugs/experiment/top100repos/Benchmark/src/main/java/org/owasp/benchmark/testcode/BenchmarkTest00564.java,65
Benchmark,DMI_RANDOM_USED_ONLY_ONCE,org/owasp/benchmark/testcode/BenchmarkTest00652.java,53,/home/codegex/Documents/workspace/rbugs/experiment/top100repos/Benchmark/src/main/java/org/owasp/benchmark/testcode/BenchmarkTest00652.java,53
Benchmark,DMI_RANDOM_USED_ONLY_ONCE,org/owasp/benchmark/testcode/BenchmarkTest00653.java,57,/home/codegex/Documents/workspace/rbugs/experiment/top100repos/Benchmark/src/main/java/org/owasp/benchmark/testcode/BenchmarkTest00653.java,57
Benchmark,DMI_RANDOM_USED_ONLY_ONCE,org/owasp/benchmark/testcode/BenchmarkTest00654.java,61,/home/codegex/Documents/workspace/rbugs/experiment/top100repos/Benchmark/src/main/java/org/owasp/benchmark/testcode/BenchmarkTest00654.java,61
Benchmark,DMI_RANDOM_USED_ONLY_ONCE,org/owasp/benchmark/testcode/BenchmarkTest00733.java,54,/home/codegex/Documents/workspace/rbugs/experiment/top100repos/Benchmark/src/main/java/org/owasp/benchmark/testcode/BenchmarkTest00733.java,54
Benchmark,DMI_RANDOM_USED_ONLY_ONCE,org/owasp/benchmark/testcode/BenchmarkTest00734.java,72,/home/codegex/Documents/workspace/rbugs/experiment/top100repos/Benchmark/src/main/java/org/owasp/benchmark/testcode/BenchmarkTest00734.java,72
Benchmark,DMI_RANDOM_USED_ONLY_ONCE,org/owasp/benchmark/testcode/BenchmarkTest00735.java,63,/home/codegex/Documents/workspace/rbugs/experiment/top100repos/Benchmark/src/main/java/org/owasp/benchmark/testcode/BenchmarkTest00735.java,63
Benchmark,DMI_RANDOM_USED_ONLY_ONCE,org/owasp/benchmark/testcode/BenchmarkTest00817.java,77,/home/codegex/Documents/workspace/rbugs/experiment/top100repos/Benchmark/src/main/java/org/owasp/benchmark/testcode/BenchmarkTest00817.java,77
Benchmark,DMI_RANDOM_USED_ONLY_ONCE,org/owasp/benchmark/testcode/BenchmarkTest00818.java,67,/home/codegex/Documents/workspace/rbugs/experiment/top100repos/Benchmark/src/main/java/org/owasp/benchmark/testcode/BenchmarkTest00818.java,67
Benchmark,DMI_RANDOM_USED_ONLY_ONCE,org/owasp/benchmark/testcode/BenchmarkTest00819.java,70,/home/codegex/Documents/workspace/rbugs/experiment/top100repos/Benchmark/src/main/java/org/owasp/benchmark/testcode/BenchmarkTest00819.java,70
Benchmark,DMI_RANDOM_USED_ONLY_ONCE,org/owasp/benchmark/testcode/BenchmarkTest00898.java,55,/home/codegex/Documents/workspace/rbugs/experiment/top100repos/Benchmark/src/main/java/org/owasp/benchmark/testcode/BenchmarkTest00898.java,55
Benchmark,DMI_RANDOM_USED_ONLY_ONCE,org/owasp/benchmark/testcode/BenchmarkTest00899.java,69,/home/codegex/Documents/workspace/rbugs/experiment/top100repos/Benchmark/src/main/java/org/owasp/benchmark/testcode/BenchmarkTest00899.java,69
Benchmark,DMI_RANDOM_USED_ONLY_ONCE,org/owasp/benchmark/testcode/BenchmarkTest00900.java,69,/home/codegex/Documents/workspace/rbugs/experiment/top100repos/Benchmark/src/main/java/org/owasp/benchmark/testcode/BenchmarkTest00900.java,69
Benchmark,DMI_RANDOM_USED_ONLY_ONCE,org/owasp/benchmark/testcode/BenchmarkTest00902.java,55,/home/codegex/Documents/workspace/rbugs/experiment/top100repos/Benchmark/src/main/java/org/owasp/benchmark/testcode/BenchmarkTest00902.java,55
Benchmark,DMI_RANDOM_USED_ONLY_ONCE,org/owasp/benchmark/testcode/BenchmarkTest00971.java,65,/home/codegex/Documents/workspace/rbugs/experiment/top100repos/Benchmark/src/main/java/org/owasp/benchmark/testcode/BenchmarkTest00971.java,65
Benchmark,DMI_RANDOM_USED_ONLY_ONCE,org/owasp/benchmark/testcode/BenchmarkTest00972.java,65,/home/codegex/Documents/workspace/rbugs/experiment/top100repos/Benchmark/src/main/java/org/owasp/benchmark/testcode/BenchmarkTest00972.java,65
Benchmark,DMI_RANDOM_USED_ONLY_ONCE,org/owasp/benchmark/testcode/BenchmarkTest00973.java,65,/home/codegex/Documents/workspace/rbugs/experiment/top100repos/Benchmark/src/main/java/org/owasp/benchmark/testcode/BenchmarkTest00973.java,65
Benchmark,DMI_RANDOM_USED_ONLY_ONCE,org/owasp/benchmark/testcode/BenchmarkTest00976.java,65,/home/codegex/Documents/workspace/rbugs/experiment/top100repos/Benchmark/src/main/java/org/owasp/benchmark/testcode/BenchmarkTest00976.java,65
Benchmark,DMI_RANDOM_USED_ONLY_ONCE,org/owasp/benchmark/testcode/BenchmarkTest01058.java,54,/home/codegex/Documents/workspace/rbugs/experiment/top100repos/Benchmark/src/main/java/org/owasp/benchmark/testcode/BenchmarkTest01058.java,54
Benchmark,DMI_RANDOM_USED_ONLY_ONCE,org/owasp/benchmark/testcode/BenchmarkTest01059.java,53,/home/codegex/Documents/workspace/rbugs/experiment/top100repos/Benchmark/src/main/java/org/owasp/benchmark/testcode/BenchmarkTest01059.java,53
Benchmark,DMI_RANDOM_USED_ONLY_ONCE,org/owasp/benchmark/testcode/BenchmarkTest01060.java,53,/home/codegex/Documents/workspace/rbugs/experiment/top100repos/Benchmark/src/main/java/org/owasp/benchmark/testcode/BenchmarkTest01060.java,53
Benchmark,DMI_RANDOM_USED_ONLY_ONCE,org/owasp/benchmark/testcode/BenchmarkTest01127.java,62,/home/codegex/Documents/workspace/rbugs/experiment/top100repos/Benchmark/src/main/java/org/owasp/benchmark/testcode/BenchmarkTest01127.java,62
Benchmark,DMI_RANDOM_USED_ONLY_ONCE,org/owasp/benchmark/testcode/BenchmarkTest01128.java,62,/home/codegex/Documents/workspace/rbugs/experiment/top100repos/Benchmark/src/main/java/org/owasp/benchmark/testcode/BenchmarkTest01128.java,62
Benchmark,DMI_RANDOM_USED_ONLY_ONCE,org/owasp/benchmark/testcode/BenchmarkTest01130.java,62,/home/codegex/Documents/workspace/rbugs/experiment/top100repos/Benchmark/src/main/java/org/owasp/benchmark/testcode/BenchmarkTest01130.java,62
Benchmark,DMI_RANDOM_USED_ONLY_ONCE,org/owasp/benchmark/testcode/BenchmarkTest01131.java,62,/home/codegex/Documents/workspace/rbugs/experiment/top100repos/Benchmark/src/main/java/org/owasp/benchmark/testcode/BenchmarkTest01131.java,62
Benchmark,DMI_RANDOM_USED_ONLY_ONCE,org/owasp/benchmark/testcode/BenchmarkTest01132.java,62,/home/codegex/Documents/workspace/rbugs/experiment/top100repos/Benchmark/src/main/java/org/owasp/benchmark/testcode/BenchmarkTest01132.java,62
Benchmark,DMI_RANDOM_USED_ONLY_ONCE,org/owasp/benchmark/testcode/BenchmarkTest01133.java,62,/home/codegex/Documents/workspace/rbugs/experiment/top100repos/Benchmark/src/main/java/org/owasp/benchmark/testcode/BenchmarkTest01133.java,62
Benchmark,DMI_RANDOM_USED_ONLY_ONCE,org/owasp/benchmark/testcode/BenchmarkTest01183.java,55,/home/codegex/Documents/workspace/rbugs/experiment/top100repos/Benchmark/src/main/java/org/owasp/benchmark/testcode/BenchmarkTest01183.java,55
Benchmark,DMI_RANDOM_USED_ONLY_ONCE,org/owasp/benchmark/testcode/BenchmarkTest01184.java,55,/home/codegex/Documents/workspace/rbugs/experiment/top100repos/Benchmark/src/main/java/org/owasp/benchmark/testcode/BenchmarkTest01184.java,55
Benchmark,DMI_RANDOM_USED_ONLY_ONCE,org/owasp/benchmark/testcode/BenchmarkTest01271.java,48,/home/codegex/Documents/workspace/rbugs/experiment/top100repos/Benchmark/src/main/java/org/owasp/benchmark/testcode/BenchmarkTest01271.java,48
Benchmark,DMI_RANDOM_USED_ONLY_ONCE,org/owasp/benchmark/testcode/BenchmarkTest01272.java,48,/home/codegex/Documents/workspace/rbugs/experiment/top100repos/Benchmark/src/main/java/org/owasp/benchmark/testcode/BenchmarkTest01272.java,48
Benchmark,DMI_RANDOM_USED_ONLY_ONCE,org/owasp/benchmark/testcode/BenchmarkTest01273.java,48,/home/codegex/Documents/workspace/rbugs/experiment/top100repos/Benchmark/src/main/java/org/owasp/benchmark/testcode/BenchmarkTest01273.java,48
Benchmark,DMI_RANDOM_USED_ONLY_ONCE,org/owasp/benchmark/testcode/BenchmarkTest01276.java,48,/home/codegex/Documents/workspace/rbugs/experiment/top100repos/Benchmark/src/main/java/org/owasp/benchmark/testcode/BenchmarkTest01276.java,48
Benchmark,DMI_RANDOM_USED_ONLY_ONCE,org/owasp/benchmark/testcode/BenchmarkTest01277.java,48,/home/codegex/Documents/workspace/rbugs/experiment/top100repos/Benchmark/src/main/java/org/owasp/benchmark/testcode/BenchmarkTest01277.java,48
Benchmark,DMI_RANDOM_USED_ONLY_ONCE,org/owasp/benchmark/testcode/BenchmarkTest01278.java,48,/home/codegex/Documents/workspace/rbugs/experiment/top100repos/Benchmark/src/main/java/org/owasp/benchmark/testcode/BenchmarkTest01278.java,48
Benchmark,DMI_RANDOM_USED_ONLY_ONCE,org/owasp/benchmark/testcode/BenchmarkTest01279.java,48,/home/codegex/Documents/workspace/rbugs/experiment/top100repos/Benchmark/src/main/java/org/owasp/benchmark/testcode/BenchmarkTest01279.java,48
Benchmark,DMI_RANDOM_USED_ONLY_ONCE,org/owasp/benchmark/testcode/BenchmarkTest01354.java,53,/home/codegex/Documents/workspace/rbugs/experiment/top100repos/Benchmark/src/main/java/org/owasp/benchmark/testcode/BenchmarkTest01354.java,53
Benchmark,DMI_RANDOM_USED_ONLY_ONCE,org/owasp/benchmark/testcode/BenchmarkTest01355.java,53,/home/codegex/Documents/workspace/rbugs/experiment/top100repos/Benchmark/src/main/java/org/owasp/benchmark/testcode/BenchmarkTest01355.java,53
Benchmark,DMI_RANDOM_USED_ONLY_ONCE,org/owasp/benchmark/testcode/BenchmarkTest01356.java,53,/home/codegex/Documents/workspace/rbugs/experiment/top100repos/Benchmark/src/main/java/org/owasp/benchmark/testcode/BenchmarkTest01356.java,53
Benchmark,DMI_RANDOM_USED_ONLY_ONCE,org/owasp/benchmark/testcode/BenchmarkTest01357.java,53,/home/codegex/Documents/workspace/rbugs/experiment/top100repos/Benchmark/src/main/java/org/owasp/benchmark/testcode/BenchmarkTest01357.java,53
Benchmark,DMI_RANDOM_USED_ONLY_ONCE,org/owasp/benchmark/testcode/BenchmarkTest01358.java,53,/home/codegex/Documents/workspace/rbugs/experiment/top100repos/Benchmark/src/main/java/org/owasp/benchmark/testcode/BenchmarkTest01358.java,53
Benchmark,DMI_RANDOM_USED_ONLY_ONCE,org/owasp/benchmark/testcode/BenchmarkTest01431.java,62,/home/codegex/Documents/workspace/rbugs/experiment/top100repos/Benchmark/src/main/java/org/owasp/benchmark/testcode/BenchmarkTest01431.java,62
Benchmark,DMI_RANDOM_USED_ONLY_ONCE,org/owasp/benchmark/testcode/BenchmarkTest01432.java,62,/home/codegex/Documents/workspace/rbugs/experiment/top100repos/Benchmark/src/main/java/org/owasp/benchmark/testcode/BenchmarkTest01432.java,62
Benchmark,DMI_RANDOM_USED_ONLY_ONCE,org/owasp/benchmark/testcode/BenchmarkTest01434.java,62,/home/codegex/Documents/workspace/rbugs/experiment/top100repos/Benchmark/src/main/java/org/owasp/benchmark/testcode/BenchmarkTest01434.java,62
Benchmark,DMI_RANDOM_USED_ONLY_ONCE,org/owasp/benchmark/testcode/BenchmarkTest01435.java,62,/home/codegex/Documents/workspace/rbugs/experiment/top100repos/Benchmark/src/main/java/org/owasp/benchmark/testcode/BenchmarkTest01435.java,62
Benchmark,DMI_RANDOM_USED_ONLY_ONCE,org/owasp/benchmark/testcode/BenchmarkTest01518.java,49,/home/codegex/Documents/workspace/rbugs/experiment/top100repos/Benchmark/src/main/java/org/owasp/benchmark/testcode/BenchmarkTest01518.java,49
Benchmark,DMI_RANDOM_USED_ONLY_ONCE,org/owasp/benchmark/testcode/BenchmarkTest01519.java,49,/home/codegex/Documents/workspace/rbugs/experiment/top100repos/Benchmark/src/main/java/org/owasp/benchmark/testcode/BenchmarkTest01519.java,49
Benchmark,DMI_RANDOM_USED_ONLY_ONCE,org/owasp/benchmark/testcode/BenchmarkTest01520.java,49,/home/codegex/Documents/workspace/rbugs/experiment/top100repos/Benchmark/src/main/java/org/owasp/benchmark/testcode/BenchmarkTest01520.java,49
Benchmark,DMI_RANDOM_USED_ONLY_ONCE,org/owasp/benchmark/testcode/BenchmarkTest01602.java,51,/home/codegex/Documents/workspace/rbugs/experiment/top100repos/Benchmark/src/main/java/org/owasp/benchmark/testcode/BenchmarkTest01602.java,51
Benchmark,DMI_RANDOM_USED_ONLY_ONCE,org/owasp/benchmark/testcode/BenchmarkTest01603.java,51,/home/codegex/Documents/workspace/rbugs/experiment/top100repos/Benchmark/src/main/java/org/owasp/benchmark/testcode/BenchmarkTest01603.java,51
Benchmark,DMI_RANDOM_USED_ONLY_ONCE,org/owasp/benchmark/testcode/BenchmarkTest01675.java,63,/home/codegex/Documents/workspace/rbugs/experiment/top100repos/Benchmark/src/main/java/org/owasp/benchmark/testcode/BenchmarkTest01675.java,63
Benchmark,DMI_RANDOM_USED_ONLY_ONCE,org/owasp/benchmark/testcode/BenchmarkTest01676.java,62,/home/codegex/Documents/workspace/rbugs/experiment/top100repos/Benchmark/src/main/java/org/owasp/benchmark/testcode/BenchmarkTest01676.java,62
Benchmark,DMI_RANDOM_USED_ONLY_ONCE,org/owasp/benchmark/testcode/BenchmarkTest01677.java,62,/home/codegex/Documents/workspace/rbugs/experiment/top100repos/Benchmark/src/main/java/org/owasp/benchmark/testcode/BenchmarkTest01677.java,62
Benchmark,DMI_RANDOM_USED_ONLY_ONCE,org/owasp/benchmark/testcode/BenchmarkTest01678.java,62,/home/codegex/Documents/workspace/rbugs/experiment/top100repos/Benchmark/src/main/java/org/owasp/benchmark/testcode/BenchmarkTest01678.java,62
Benchmark,DMI_RANDOM_USED_ONLY_ONCE,org/owasp/benchmark/testcode/BenchmarkTest01679.java,62,/home/codegex/Documents/workspace/rbugs/experiment/top100repos/Benchmark/src/main/java/org/owasp/benchmark/testcode/BenchmarkTest01679.java,62
Benchmark,DMI_RANDOM_USED_ONLY_ONCE,org/owasp/benchmark/testcode/BenchmarkTest01681.java,62,/home/codegex/Documents/workspace/rbugs/experiment/top100repos/Benchmark/src/main/java/org/owasp/benchmark/testcode/BenchmarkTest01681.java,62
Benchmark,DMI_RANDOM_USED_ONLY_ONCE,org/owasp/benchmark/testcode/BenchmarkTest01781.java,48,/home/codegex/Documents/workspace/rbugs/experiment/top100repos/Benchmark/src/main/java/org/owasp/benchmark/testcode/BenchmarkTest01781.java,48
Benchmark,DMI_RANDOM_USED_ONLY_ONCE,org/owasp/benchmark/testcode/BenchmarkTest01782.java,48,/home/codegex/Documents/workspace/rbugs/experiment/top100repos/Benchmark/src/main/java/org/owasp/benchmark/testcode/BenchmarkTest01782.java,48
Benchmark,DMI_RANDOM_USED_ONLY_ONCE,org/owasp/benchmark/testcode/BenchmarkTest01783.java,48,/home/codegex/Documents/workspace/rbugs/experiment/top100repos/Benchmark/src/main/java/org/owasp/benchmark/testcode/BenchmarkTest01783.java,48
Benchmark,DMI_RANDOM_USED_ONLY_ONCE,org/owasp/benchmark/testcode/BenchmarkTest01784.java,48,/home/codegex/Documents/workspace/rbugs/experiment/top100repos/Benchmark/src/main/java/org/owasp/benchmark/testcode/BenchmarkTest01784.java,48
Benchmark,DMI_RANDOM_USED_ONLY_ONCE,org/owasp/benchmark/testcode/BenchmarkTest01785.java,48,/home/codegex/Documents/workspace/rbugs/experiment/top100repos/Benchmark/src/main/java/org/owasp/benchmark/testcode/BenchmarkTest01785.java,48
Benchmark,DMI_RANDOM_USED_ONLY_ONCE,org/owasp/benchmark/testcode/BenchmarkTest01786.java,48,/home/codegex/Documents/workspace/rbugs/experiment/top100repos/Benchmark/src/main/java/org/owasp/benchmark/testcode/BenchmarkTest01786.java,48
Benchmark,DMI_RANDOM_USED_ONLY_ONCE,org/owasp/benchmark/testcode/BenchmarkTest01787.java,48,/home/codegex/Documents/workspace/rbugs/experiment/top100repos/Benchmark/src/main/java/org/owasp/benchmark/testcode/BenchmarkTest01787.java,48
Benchmark,DMI_RANDOM_USED_ONLY_ONCE,org/owasp/benchmark/testcode/BenchmarkTest01788.java,48,/home/codegex/Documents/workspace/rbugs/experiment/top100repos/Benchmark/src/main/java/org/owasp/benchmark/testcode/BenchmarkTest01788.java,48
Benchmark,DMI_RANDOM_USED_ONLY_ONCE,org/owasp/benchmark/testcode/BenchmarkTest01853.java,66,/home/codegex/Documents/workspace/rbugs/experiment/top100repos/Benchmark/src/main/java/org/owasp/benchmark/testcode/BenchmarkTest01853.java,66
Benchmark,DMI_RANDOM_USED_ONLY_ONCE,org/owasp/benchmark/testcode/BenchmarkTest01854.java,65,/home/codegex/Documents/workspace/rbugs/experiment/top100repos/Benchmark/src/main/java/org/owasp/benchmark/testcode/BenchmarkTest01854.java,65
Benchmark,DMI_RANDOM_USED_ONLY_ONCE,org/owasp/benchmark/testcode/BenchmarkTest01855.java,65,/home/codegex/Documents/workspace/rbugs/experiment/top100repos/Benchmark/src/main/java/org/owasp/benchmark/testcode/BenchmarkTest01855.java,65
Benchmark,DMI_RANDOM_USED_ONLY_ONCE,org/owasp/benchmark/testcode/BenchmarkTest01856.java,65,/home/codegex/Documents/workspace/rbugs/experiment/top100repos/Benchmark/src/main/java/org/owasp/benchmark/testcode/BenchmarkTest01856.java,65
Benchmark,DMI_RANDOM_USED_ONLY_ONCE,org/owasp/benchmark/testcode/BenchmarkTest01857.java,65,/home/codegex/Documents/workspace/rbugs/experiment/top100repos/Benchmark/src/main/java/org/owasp/benchmark/testcode/BenchmarkTest01857.java,65
Benchmark,DMI_RANDOM_USED_ONLY_ONCE,org/owasp/benchmark/testcode/BenchmarkTest01858.java,65,/home/codegex/Documents/workspace/rbugs/experiment/top100repos/Benchmark/src/main/java/org/owasp/benchmark/testcode/BenchmarkTest01858.java,65
Benchmark,DMI_RANDOM_USED_ONLY_ONCE,org/owasp/benchmark/testcode/BenchmarkTest01859.java,65,/home/codegex/Documents/workspace/rbugs/experiment/top100repos/Benchmark/src/main/java/org/owasp/benchmark/testcode/BenchmarkTest01859.java,65
Benchmark,DMI_RANDOM_USED_ONLY_ONCE,org/owasp/benchmark/testcode/BenchmarkTest01860.java,65,/home/codegex/Documents/workspace/rbugs/experiment/top100repos/Benchmark/src/main/java/org/owasp/benchmark/testcode/BenchmarkTest01860.java,65
Benchmark,DMI_RANDOM_USED_ONLY_ONCE,org/owasp/benchmark/testcode/BenchmarkTest01930.java,53,/home/codegex/Documents/workspace/rbugs/experiment/top100repos/Benchmark/src/main/java/org/owasp/benchmark/testcode/BenchmarkTest01930.java,53
Benchmark,DMI_RANDOM_USED_ONLY_ONCE,org/owasp/benchmark/testcode/BenchmarkTest01931.java,53,/home/codegex/Documents/workspace/rbugs/experiment/top100repos/Benchmark/src/main/java/org/owasp/benchmark/testcode/BenchmarkTest01931.java,53
Benchmark,DMI_RANDOM_USED_ONLY_ONCE,org/owasp/benchmark/testcode/BenchmarkTest01932.java,53,/home/codegex/Documents/workspace/rbugs/experiment/top100repos/Benchmark/src/main/java/org/owasp/benchmark/testcode/BenchmarkTest01932.java,53
Benchmark,DMI_RANDOM_USED_ONLY_ONCE,org/owasp/benchmark/testcode/BenchmarkTest01933.java,53,/home/codegex/Documents/workspace/rbugs/experiment/top100repos/Benchmark/src/main/java/org/owasp/benchmark/testcode/BenchmarkTest01933.java,53
Benchmark,DMI_RANDOM_USED_ONLY_ONCE,org/owasp/benchmark/testcode/BenchmarkTest01934.java,53,/home/codegex/Documents/workspace/rbugs/experiment/top100repos/Benchmark/src/main/java/org/owasp/benchmark/testcode/BenchmarkTest01934.java,53
Benchmark,DMI_RANDOM_USED_ONLY_ONCE,org/owasp/benchmark/testcode/BenchmarkTest01999.java,63,/home/codegex/Documents/workspace/rbugs/experiment/top100repos/Benchmark/src/main/java/org/owasp/benchmark/testcode/BenchmarkTest01999.java,63
Benchmark,DMI_RANDOM_USED_ONLY_ONCE,org/owasp/benchmark/testcode/BenchmarkTest02000.java,63,/home/codegex/Documents/workspace/rbugs/experiment/top100repos/Benchmark/src/main/java/org/owasp/benchmark/testcode/BenchmarkTest02000.java,63
Benchmark,DMI_RANDOM_USED_ONLY_ONCE,org/owasp/benchmark/testcode/BenchmarkTest02001.java,62,/home/codegex/Documents/workspace/rbugs/experiment/top100repos/Benchmark/src/main/java/org/owasp/benchmark/testcode/BenchmarkTest02001.java,62
Benchmark,DMI_RANDOM_USED_ONLY_ONCE,org/owasp/benchmark/testcode/BenchmarkTest02003.java,62,/home/codegex/Documents/workspace/rbugs/experiment/top100repos/Benchmark/src/main/java/org/owasp/benchmark/testcode/BenchmarkTest02003.java,62
Benchmark,DMI_RANDOM_USED_ONLY_ONCE,org/owasp/benchmark/testcode/BenchmarkTest02004.java,62,/home/codegex/Documents/workspace/rbugs/experiment/top100repos/Benchmark/src/main/java/org/owasp/benchmark/testcode/BenchmarkTest02004.java,62
Benchmark,DMI_RANDOM_USED_ONLY_ONCE,org/owasp/benchmark/testcode/BenchmarkTest02060.java,55,/home/codegex/Documents/workspace/rbugs/experiment/top100repos/Benchmark/src/main/java/org/owasp/benchmark/testcode/BenchmarkTest02060.java,55
Benchmark,DMI_RANDOM_USED_ONLY_ONCE,org/owasp/benchmark/testcode/BenchmarkTest02061.java,55,/home/codegex/Documents/workspace/rbugs/experiment/top100repos/Benchmark/src/main/java/org/owasp/benchmark/testcode/BenchmarkTest02061.java,55
Benchmark,DMI_RANDOM_USED_ONLY_ONCE,org/owasp/benchmark/testcode/BenchmarkTest02062.java,55,/home/codegex/Documents/workspace/rbugs/experiment/top100repos/Benchmark/src/main/java/org/owasp/benchmark/testcode/BenchmarkTest02062.java,55
Benchmark,DMI_RANDOM_USED_ONLY_ONCE,org/owasp/benchmark/testcode/BenchmarkTest02063.java,55,/home/codegex/Documents/workspace/rbugs/experiment/top100repos/Benchmark/src/main/java/org/owasp/benchmark/testcode/BenchmarkTest02063.java,55
Benchmark,DMI_RANDOM_USED_ONLY_ONCE,org/owasp/benchmark/testcode/BenchmarkTest02138.java,49,/home/codegex/Documents/workspace/rbugs/experiment/top100repos/Benchmark/src/main/java/org/owasp/benchmark/testcode/BenchmarkTest02138.java,49
Benchmark,DMI_RANDOM_USED_ONLY_ONCE,org/owasp/benchmark/testcode/BenchmarkTest02139.java,48,/home/codegex/Documents/workspace/rbugs/experiment/top100repos/Benchmark/src/main/java/org/owasp/benchmark/testcode/BenchmarkTest02139.java,48
Benchmark,DMI_RANDOM_USED_ONLY_ONCE,org/owasp/benchmark/testcode/BenchmarkTest02140.java,48,/home/codegex/Documents/workspace/rbugs/experiment/top100repos/Benchmark/src/main/java/org/owasp/benchmark/testcode/BenchmarkTest02140.java,48
Benchmark,DMI_RANDOM_USED_ONLY_ONCE,org/owasp/benchmark/testcode/BenchmarkTest02141.java,48,/home/codegex/Documents/workspace/rbugs/experiment/top100repos/Benchmark/src/main/java/org/owasp/benchmark/testcode/BenchmarkTest02141.java,48
Benchmark,DMI_RANDOM_USED_ONLY_ONCE,org/owasp/benchmark/testcode/BenchmarkTest02337.java,62,/home/codegex/Documents/workspace/rbugs/experiment/top100repos/Benchmark/src/main/java/org/owasp/benchmark/testcode/BenchmarkTest02337.java,62
Benchmark,DMI_RANDOM_USED_ONLY_ONCE,org/owasp/benchmark/testcode/BenchmarkTest02338.java,62,/home/codegex/Documents/workspace/rbugs/experiment/top100repos/Benchmark/src/main/java/org/owasp/benchmark/testcode/BenchmarkTest02338.java,62
Benchmark,DMI_RANDOM_USED_ONLY_ONCE,org/owasp/benchmark/testcode/BenchmarkTest02415.java,50,/home/codegex/Documents/workspace/rbugs/experiment/top100repos/Benchmark/src/main/java/org/owasp/benchmark/testcode/BenchmarkTest02415.java,50
Benchmark,DMI_RANDOM_USED_ONLY_ONCE,org/owasp/benchmark/testcode/BenchmarkTest02416.java,49,/home/codegex/Documents/workspace/rbugs/experiment/top100repos/Benchmark/src/main/java/org/owasp/benchmark/testcode/BenchmarkTest02416.java,49
Benchmark,DMI_RANDOM_USED_ONLY_ONCE,org/owasp/benchmark/testcode/BenchmarkTest02417.java,49,/home/codegex/Documents/workspace/rbugs/experiment/top100repos/Benchmark/src/main/java/org/owasp/benchmark/testcode/BenchmarkTest02417.java,49
Benchmark,DMI_RANDOM_USED_ONLY_ONCE,org/owasp/benchmark/testcode/BenchmarkTest02418.java,49,/home/codegex/Documents/workspace/rbugs/experiment/top100repos/Benchmark/src/main/java/org/owasp/benchmark/testcode/BenchmarkTest02418.java,49
Benchmark,DMI_RANDOM_USED_ONLY_ONCE,org/owasp/benchmark/testcode/BenchmarkTest02419.java,49,/home/codegex/Documents/workspace/rbugs/experiment/top100repos/Benchmark/src/main/java/org/owasp/benchmark/testcode/BenchmarkTest02419.java,49
Benchmark,DMI_RANDOM_USED_ONLY_ONCE,org/owasp/benchmark/testcode/BenchmarkTest02420.java,49,/home/codegex/Documents/workspace/rbugs/experiment/top100repos/Benchmark/src/main/java/org/owasp/benchmark/testcode/BenchmarkTest02420.java,49
Benchmark,DMI_RANDOM_USED_ONLY_ONCE,org/owasp/benchmark/testcode/BenchmarkTest02421.java,49,/home/codegex/Documents/workspace/rbugs/experiment/top100repos/Benchmark/src/main/java/org/owasp/benchmark/testcode/BenchmarkTest02421.java,49
Benchmark,DMI_RANDOM_USED_ONLY_ONCE,org/owasp/benchmark/testcode/BenchmarkTest02422.java,49,/home/codegex/Documents/workspace/rbugs/experiment/top100repos/Benchmark/src/main/java/org/owasp/benchmark/testcode/BenchmarkTest02422.java,49
Benchmark,DMI_RANDOM_USED_ONLY_ONCE,org/owasp/benchmark/testcode/BenchmarkTest02424.java,49,/home/codegex/Documents/workspace/rbugs/experiment/top100repos/Benchmark/src/main/java/org/owasp/benchmark/testcode/BenchmarkTest02424.java,49
Benchmark,DMI_RANDOM_USED_ONLY_ONCE,org/owasp/benchmark/testcode/BenchmarkTest02425.java,49,/home/codegex/Documents/workspace/rbugs/experiment/top100repos/Benchmark/src/main/java/org/owasp/benchmark/testcode/BenchmarkTest02425.java,49
Benchmark,DMI_RANDOM_USED_ONLY_ONCE,org/owasp/benchmark/testcode/BenchmarkTest02426.java,49,/home/codegex/Documents/workspace/rbugs/experiment/top100repos/Benchmark/src/main/java/org/owasp/benchmark/testcode/BenchmarkTest02426.java,49
Benchmark,DMI_RANDOM_USED_ONLY_ONCE,org/owasp/benchmark/testcode/BenchmarkTest02497.java,51,/home/codegex/Documents/workspace/rbugs/experiment/top100repos/Benchmark/src/main/java/org/owasp/benchmark/testcode/BenchmarkTest02497.java,51
Benchmark,DMI_RANDOM_USED_ONLY_ONCE,org/owasp/benchmark/testcode/BenchmarkTest02498.java,51,/home/codegex/Documents/workspace/rbugs/experiment/top100repos/Benchmark/src/main/java/org/owasp/benchmark/testcode/BenchmarkTest02498.java,51
Benchmark,DMI_RANDOM_USED_ONLY_ONCE,org/owasp/benchmark/testcode/BenchmarkTest02499.java,51,/home/codegex/Documents/workspace/rbugs/experiment/top100repos/Benchmark/src/main/java/org/owasp/benchmark/testcode/BenchmarkTest02499.java,51
Benchmark,DMI_RANDOM_USED_ONLY_ONCE,org/owasp/benchmark/testcode/BenchmarkTest02500.java,51,/home/codegex/Documents/workspace/rbugs/experiment/top100repos/Benchmark/src/main/java/org/owasp/benchmark/testcode/BenchmarkTest02500.java,51
Benchmark,DMI_RANDOM_USED_ONLY_ONCE,org/owasp/benchmark/testcode/BenchmarkTest02501.java,51,/home/codegex/Documents/workspace/rbugs/experiment/top100repos/Benchmark/src/main/java/org/owasp/benchmark/testcode/BenchmarkTest02501.java,51
Benchmark,DMI_RANDOM_USED_ONLY_ONCE,org/owasp/benchmark/testcode/BenchmarkTest02502.java,51,/home/codegex/Documents/workspace/rbugs/experiment/top100repos/Benchmark/src/main/java/org/owasp/benchmark/testcode/BenchmarkTest02502.java,51
Benchmark,DMI_RANDOM_USED_ONLY_ONCE,org/owasp/benchmark/testcode/BenchmarkTest02503.java,51,/home/codegex/Documents/workspace/rbugs/experiment/top100repos/Benchmark/src/main/java/org/owasp/benchmark/testcode/BenchmarkTest02503.java,51
Benchmark,DMI_RANDOM_USED_ONLY_ONCE,org/owasp/benchmark/testcode/BenchmarkTest02504.java,51,/home/codegex/Documents/workspace/rbugs/experiment/top100repos/Benchmark/src/main/java/org/owasp/benchmark/testcode/BenchmarkTest02504.java,51
Benchmark,DMI_RANDOM_USED_ONLY_ONCE,org/owasp/benchmark/testcode/BenchmarkTest02505.java,51,/home/codegex/Documents/workspace/rbugs/experiment/top100repos/Benchmark/src/main/java/org/owasp/benchmark/testcode/BenchmarkTest02505.java,51
Benchmark,DMI_RANDOM_USED_ONLY_ONCE,org/owasp/benchmark/testcode/BenchmarkTest02506.java,51,/home/codegex/Documents/workspace/rbugs/experiment/top100repos/Benchmark/src/main/java/org/owasp/benchmark/testcode/BenchmarkTest02506.java,51
Benchmark,DMI_RANDOM_USED_ONLY_ONCE,org/owasp/benchmark/testcode/BenchmarkTest02602.java,63,/home/codegex/Documents/workspace/rbugs/experiment/top100repos/Benchmark/src/main/java/org/owasp/benchmark/testcode/BenchmarkTest02602.java,63
Benchmark,DMI_RANDOM_USED_ONLY_ONCE,org/owasp/benchmark/testcode/BenchmarkTest02603.java,63,/home/codegex/Documents/workspace/rbugs/experiment/top100repos/Benchmark/src/main/java/org/owasp/benchmark/testcode/BenchmarkTest02603.java,63
Benchmark,DMI_RANDOM_USED_ONLY_ONCE,org/owasp/benchmark/testcode/BenchmarkTest02604.java,62,/home/codegex/Documents/workspace/rbugs/experiment/top100repos/Benchmark/src/main/java/org/owasp/benchmark/testcode/BenchmarkTest02604.java,62
Benchmark,DMI_RANDOM_USED_ONLY_ONCE,org/owasp/benchmark/testcode/BenchmarkTest02605.java,62,/home/codegex/Documents/workspace/rbugs/experiment/top100repos/Benchmark/src/main/java/org/owasp/benchmark/testcode/BenchmarkTest02605.java,62
Benchmark,DMI_RANDOM_USED_ONLY_ONCE,org/owasp/benchmark/testcode/BenchmarkTest02606.java,62,/home/codegex/Documents/workspace/rbugs/experiment/top100repos/Benchmark/src/main/java/org/owasp/benchmark/testcode/BenchmarkTest02606.java,62
Benchmark,DMI_RANDOM_USED_ONLY_ONCE,org/owasp/benchmark/testcode/BenchmarkTest02700.java,49,/home/codegex/Documents/workspace/rbugs/experiment/top100repos/Benchmark/src/main/java/org/owasp/benchmark/testcode/BenchmarkTest02700.java,49
Benchmark,DMI_RANDOM_USED_ONLY_ONCE,org/owasp/benchmark/testcode/BenchmarkTest02701.java,49,/home/codegex/Documents/workspace/rbugs/experiment/top100repos/Benchmark/src/main/java/org/owasp/benchmark/testcode/BenchmarkTest02701.java,49
Benchmark,DMI_RANDOM_USED_ONLY_ONCE,org/owasp/benchmark/testcode/BenchmarkTest02702.java,48,/home/codegex/Documents/workspace/rbugs/experiment/top100repos/Benchmark/src/main/java/org/owasp/benchmark/testcode/BenchmarkTest02702.java,48
Benchmark,DMI_RANDOM_USED_ONLY_ONCE,org/owasp/benchmark/testcode/BenchmarkTest02703.java,48,/home/codegex/Documents/workspace/rbugs/experiment/top100repos/Benchmark/src/main/java/org/owasp/benchmark/testcode/BenchmarkTest02703.java,48
Benchmark,DMI_RANDOM_USED_ONLY_ONCE,org/owasp/benchmark/testcode/BenchmarkTest02704.java,48,/home/codegex/Documents/workspace/rbugs/experiment/top100repos/Benchmark/src/main/java/org/owasp/benchmark/testcode/BenchmarkTest02704.java,48
Benchmark,DMI_RANDOM_USED_ONLY_ONCE,org/owasp/benchmark/testcode/BenchmarkTest02705.java,48,/home/codegex/Documents/workspace/rbugs/experiment/top100repos/Benchmark/src/main/java/org/owasp/benchmark/testcode/BenchmarkTest02705.java,48
Benchmark,DMI_RANDOM_USED_ONLY_ONCE,org/owasp/benchmark/testcode/BenchmarkTest02706.java,48,/home/codegex/Documents/workspace/rbugs/experiment/top100repos/Benchmark/src/main/java/org/owasp/benchmark/testcode/BenchmarkTest02706.java,48
Benchmark,DMI_RANDOM_USED_ONLY_ONCE,org/owasp/benchmark/testcode/BenchmarkTest02707.java,48,/home/codegex/Documents/workspace/rbugs/experiment/top100repos/Benchmark/src/main/java/org/owasp/benchmark/testcode/BenchmarkTest02707.java,48
Benchmark,DMI_RANDOM_USED_ONLY_ONCE,org/owasp/benchmark/testcode/BenchmarkTest02708.java,48,/home/codegex/Documents/workspace/rbugs/experiment/top100repos/Benchmark/src/main/java/org/owasp/benchmark/testcode/BenchmarkTest02708.java,48
wro4j,UI_INHERITANCE_UNSAFE_GETRESOURCE,ro/isdc/wro/model/resource/locator/ClasspathUriLocator.java,110,/home/codegex/Documents/workspace/rbugs/experiment/top100repos/wro4j/wro4j-core/src/main/java/ro/isdc/wro/model/resource/locator/ClasspathUriLocator.java,110
spring-mvc-angular-js-hibernate-bootstrap-java-single-page-jwt-auth-rest-api-webapp-framework,ES_COMPARING_STRINGS_WITH_EQ,yourwebproject2/auth/CORSFilter.java,28,/home/codegex/Documents/workspace/rbugs/experiment/top100repos/spring-mvc-angular-js-hibernate-bootstrap-java-single-page-jwt-auth-rest-api-webapp-framework/src/main/java/yourwebproject2/auth/CORSFilter.java,28
cms-admin-end,NM_METHOD_NAMING_CONVENTION,diamond/cms/server/config/WebConfig.java,42,/home/codegex/Documents/workspace/rbugs/experiment/top100repos/cms-admin-end/src/main/java/diamond/cms/server/config/WebConfig.java,41
spring4.x-project,NM_METHOD_NAMING_CONVENTION,org/light4j/sping4/base/javaconfig/UseFunctionService.java,13,/home/codegex/Documents/workspace/rbugs/experiment/top100repos/spring4.x-project/spring4.x-javaConfig/src/main/java/org/light4j/sping4/base/javaconfig/UseFunctionService.java,12
spring4.x-project,NM_METHOD_NAMING_CONVENTION,org/light4j/sping4/base/di/UseFunctionService.java,12,/home/codegex/Documents/workspace/rbugs/experiment/top100repos/spring4.x-project/spring4.x-di/src/main/java/org/light4j/sping4/base/di/UseFunctionService.java,11
spring-comparing-template-engines,NM_CLASS_NAMING_CONVENTION,com/jeroenreijn/examples/model/i18nLayout.java,19,/home/codegex/Documents/workspace/rbugs/experiment/top100repos/spring-comparing-template-engines/src/main/java/com/jeroenreijn/examples/model/i18nLayout.java,14
jetty.project,NM_SAME_SIMPLE_NAME_AS_SUPERCLASS,org/eclipse/jetty/webapp/DecoratingListener.java,29,/home/codegex/Documents/workspace/rbugs/experiment/top100repos/jetty.project/jetty-webapp/src/main/java/org/eclipse/jetty/webapp/DecoratingListener.java,23
superword,STCAL_STATIC_SIMPLE_DATE_FORMAT_INSTANCE,org/apdplat/superword/model/HistoryRecord.java,-1,/home/codegex/Documents/workspace/rbugs/experiment/top100repos/superword/src/main/java/org/apdplat/superword/model/HistoryRecord.java,29
superword,STCAL_STATIC_SIMPLE_DATE_FORMAT_INSTANCE,org/apdplat/superword/model/User.java,-1,/home/codegex/Documents/workspace/rbugs/experiment/top100repos/superword/src/main/java/org/apdplat/superword/model/User.java,29
spring-mvc-angular-js-hibernate-bootstrap-java-single-page-jwt-auth-rest-api-webapp-framework,NM_SAME_SIMPLE_NAME_AS_INTERFACE,yourwebproject2/unusedspringsecurity/UserDetailsService.java,-1,/home/codegex/Documents/workspace/rbugs/experiment/top100repos/spring-mvc-angular-js-hibernate-bootstrap-java-single-page-jwt-auth-rest-api-webapp-framework/src/main/java/yourwebproject2/unusedspringsecurity/UserDetailsService.java,6
,VA_FORMAT_STRING_USES_NEWLINE,,,/home/codegex/Documents/workspace/rbugs/experiment/top100repos/biojava/biojava-structure/src/main/java/org/biojava/nbio/structure/align/fatcat/calc/AFPCalculator.java,134
,VA_FORMAT_STRING_USES_NEWLINE,,,/home/codegex/Documents/workspace/rbugs/experiment/top100repos/biojava/biojava-structure/src/main/java/org/biojava/nbio/structure/align/fatcat/calc/AFPChainer.java,154
,VA_FORMAT_STRING_USES_NEWLINE,,,/home/codegex/Documents/workspace/rbugs/experiment/top100repos/biojava/biojava-structure/src/main/java/org/biojava/nbio/structure/align/fatcat/calc/AFPPostProcessor.java,121
,VA_FORMAT_STRING_USES_NEWLINE,,,/home/codegex/Documents/workspace/rbugs/experiment/top100repos/biojava/biojava-structure/src/main/java/org/biojava/nbio/structure/align/fatcat/calc/AFPPostProcessor.java,132
,VA_FORMAT_STRING_USES_NEWLINE,,,/home/codegex/Documents/workspace/rbugs/experiment/top100repos/biojava/biojava-structure/src/main/java/org/biojava/nbio/structure/align/fatcat/calc/AFPPostProcessor.java,148
,VA_FORMAT_STRING_USES_NEWLINE,,,/home/codegex/Documents/workspace/rbugs/experiment/top100repos/biojava/biojava-structure/src/main/java/org/biojava/nbio/structure/align/fatcat/calc/AFPPostProcessor.java,151
,VA_FORMAT_STRING_USES_NEWLINE,,,/home/codegex/Documents/workspace/rbugs/experiment/top100repos/biojava/biojava-structure/src/main/java/org/biojava/nbio/structure/align/fatcat/calc/AFPPostProcessor.java,221
,VA_FORMAT_STRING_USES_NEWLINE,,,/home/codegex/Documents/workspace/rbugs/experiment/top100repos/biojava/biojava-structure/src/main/java/org/biojava/nbio/structure/align/fatcat/calc/AFPPostProcessor.java,279
,VA_FORMAT_STRING_USES_NEWLINE,,,/home/codegex/Documents/workspace/rbugs/experiment/top100repos/biojava/biojava-structure/src/main/java/org/biojava/nbio/structure/align/fatcat/calc/AFPPostProcessor.java,314
,VA_FORMAT_STRING_USES_NEWLINE,,,/home/codegex/Documents/workspace/rbugs/experiment/top100repos/biojava/biojava-structure/src/main/java/org/biojava/nbio/structure/align/ce/CECalculator.java,1950
,VA_FORMAT_STRING_USES_NEWLINE,,,/home/codegex/Documents/workspace/rbugs/experiment/top100repos/biojava/biojava-structure/src/main/java/org/biojava/nbio/structure/align/fatcat/calc/AFPOptimizer.java,117
,VA_FORMAT_STRING_USES_NEWLINE,,,/home/codegex/Documents/workspace/rbugs/experiment/top100repos/biojava/biojava-structure/src/main/java/org/biojava/nbio/structure/align/fatcat/calc/AFPOptimizer.java,132
,VA_FORMAT_STRING_USES_NEWLINE,,,/home/codegex/Documents/workspace/rbugs/experiment/top100repos/biojava/biojava-structure/src/main/java/org/biojava/nbio/structure/align/fatcat/calc/StructureAlignmentOptimizer.java,322
,CNT_ROUGH_CONSTANT_VALUE,,,/home/codegex/Documents/workspace/rbugs/experiment/top100repos/biojava/biojava-protein-disorder/src/main/java/org/biojava/nbio/ronn/ORonnModel.java,104
,VA_FORMAT_STRING_USES_NEWLINE,,,/home/codegex/Documents/workspace/rbugs/experiment/top100repos/biojava/biojava-structure/src/main/java/org/biojava/nbio/structure/align/fatcat/calc/FatCatAligner.java,152
,NM_METHOD_NAMING_CONVENTION,,,/home/codegex/Documents/workspace/rbugs/experiment/top100repos/quickfixj/quickfixj-core/src/main/java/quickfix/MessageCracker.java,113
,NM_METHOD_NAMING_CONVENTION,,,/home/codegex/Documents/workspace/rbugs/experiment/top100repos/quickfixj/quickfixj-core/src/main/java/quickfix/Message.java,126
,RV_EXCEPTION_NOT_THROWN,,,/home/codegex/Documents/workspace/rbugs/experiment/top100repos/jetty.project/jetty-ant/src/main/java/org/eclipse/jetty/ant/ServerProxyImpl.java,291
,NM_SAME_SIMPLE_NAME_AS_SUPERCLASS,,,/home/codegex/Documents/workspace/rbugs/experiment/top100repos/jetty.project/jetty-client/src/main/java/org/eclipse/jetty/client/GZIPContentDecoder.java,23
,RC_REF_COMPARISON_BAD_PRACTICE_BOOLEAN,,,/home/codegex/Documents/workspace/rbugs/experiment/top100repos/jetty.project/jetty-webapp/src/main/java/org/eclipse/jetty/webapp/ClassMatcher.java,780
,NM_SAME_SIMPLE_NAME_AS_SUPERCLASS,,,/home/codegex/Documents/workspace/rbugs/experiment/top100repos/jetty.project/jetty-osgi/jetty-osgi-boot/src/main/java/org/eclipse/jetty/osgi/annotations/AnnotationParser.java,36
,NM_CLASS_NAMING_CONVENTION,,,/home/codegex/Documents/workspace/rbugs/experiment/top100repos/jetty.project/jetty-jndi/src/main/java/org/eclipse/jetty/jndi/java/javaURLContextFactory.java,34
,NM_SAME_SIMPLE_NAME_AS_SUPERCLASS,,,/home/codegex/Documents/workspace/rbugs/experiment/top100repos/jetty.project/jetty-osgi/jetty-osgi-boot/src/main/java/org/eclipse/jetty/osgi/annotations/AnnotationConfiguration.java,40
,RC_REF_COMPARISON_BAD_PRACTICE_BOOLEAN,,,/home/codegex/Documents/workspace/rbugs/experiment/top100repos/jetty.project/jetty-security/src/main/java/org/eclipse/jetty/security/authentication/LoginAuthenticator.java,121
,SA_SELF_ASSIGNMENT,,,/home/codegex/Documents/workspace/rbugs/experiment/top100repos/jetty.project/jetty-security/src/main/java/org/eclipse/jetty/security/authentication/SslClientCertAuthenticator.java,150
,NM_CLASS_NAMING_CONVENTION,,,/home/codegex/Documents/workspace/rbugs/experiment/top100repos/jetty.project/jetty-jndi/src/main/java/org/eclipse/jetty/jndi/java/javaRootURLContext.java,41
,DMI_RANDOM_USED_ONLY_ONCE,,,/home/codegex/Documents/workspace/rbugs/experiment/top100repos/jetty.project/jetty-websocket/websocket-javax-tests/src/main/java/org/eclipse/jetty/websocket/javax/tests/WSServer.java,55
,NM_CLASS_NAMING_CONVENTION,,,/home/codegex/Documents/workspace/rbugs/experiment/top100repos/jetty.project/jetty-jndi/src/main/java/org/eclipse/jetty/jndi/java/javaNameParser.java,29
,NM_CLASS_NAMING_CONVENTION,,,/home/codegex/Documents/workspace/rbugs/experiment/top100repos/jetty.project/jetty-jndi/src/main/java/org/eclipse/jetty/jndi/local/localContextRoot.java,48
,UI_INHERITANCE_UNSAFE_GETRESOURCE,,,/home/codegex/Documents/workspace/rbugs/experiment/top100repos/jetty.project/jetty-server/src/main/java/org/eclipse/jetty/server/handler/DefaultHandler.java,63
,VA_FORMAT_STRING_USES_NEWLINE,,,/home/codegex/Documents/workspace/rbugs/experiment/top100repos/jetty.project/jetty-client/src/main/java/org/eclipse/jetty/client/proxy/ProxyProtocolClientConnectionFactory.java,93
,UI_INHERITANCE_UNSAFE_GETRESOURCE,,,/home/codegex/Documents/workspace/rbugs/experiment/top100repos/wro4j/wro4j-core/src/main/java/ro/isdc/wro/model/resource/locator/ClasspathUriLocator.java,120