html_url,path,commit_sha,line_no,pattern,priority,feedback,note,good/bad,,
https://github.com/natalia171/praca_inz/pull/1,android_studio_project/praca_inz_03/app/src/main/java/com/example/praca_inz_03/DodajNowyTerminLekarz.java,1308cebd5abe9b9bd0704550ebd2546fe8928bb9,122,NM_METHOD_NAMING_CONVENTION,2,,,,,
https://github.com/natalia171/praca_inz/pull/1,android_studio_project/praca_inz_03/app/src/main/java/com/example/praca_inz_03/MainActivity.java,1308cebd5abe9b9bd0704550ebd2546fe8928bb9,58,ES_COMPARING_STRINGS_WITH_EQ,2,,,,,
https://github.com/natalia171/praca_inz/pull/1,android_studio_project/praca_inz_03/app/src/main/java/com/example/praca_inz_03/bgAnulujTermin.java,1308cebd5abe9b9bd0704550ebd2546fe8928bb9,25,NM_CLASS_NAMING_CONVENTION,2,,,,,
https://github.com/WrenchDressing/UltimateGoal/pull/5,TeamCode/src/main/java/org/firstinspires/ftc/teamcode/BestSTATEAutoEver.java,90e3fbdaa1a2ec540ad7caaa6d0a88999d2dfe04,879,ES_COMPARING_STRINGS_WITH_EQ,2,,,,,
https://github.com/WrenchDressing/UltimateGoal/pull/5,TeamCode/src/main/java/org/firstinspires/ftc/teamcode/BestSTATEAutoEver.java,90e3fbdaa1a2ec540ad7caaa6d0a88999d2dfe04,379,NM_METHOD_NAMING_CONVENTION,3,,,,,
https://github.com/atp-mipt/ljv/pull/31,ljv/src/main/java/org/atpfivt/ljv/GraphBuilder.java,d75cc45dc0fb0bace01035a4d73bfbc3749be5ba,301,RC_REF_COMPARISON_BAD_PRACTICE_BOOLEAN,2,"Yes, you are right. I overlooked it now it's corrected. let me know your thoughts",fix,Accept and fix,,
https://github.com/mak-works/pav-traning/pull/6,app/src/main/java/com/learning/androidlearning/movemarker/NotificationActivity.java,006996b37ab3eea332b98ab3e2f46a74dcd9b895,96,NM_METHOD_NAMING_CONVENTION,3,,delete,,,
https://github.com/mak-works/pav-traning/pull/6,app/src/main/java/com/learning/androidlearning/movemarker/roomdbnew/DateTypeConverter.java,006996b37ab3eea332b98ab3e2f46a74dcd9b895,22,STCAL_STATIC_SIMPLE_DATE_FORMAT_INSTANCE,2,,delete,,,
https://github.com/aNNiMON/Lightweight-Stream-API/pull/190,stream/src/test/java/com/annimon/stream/internal/SpinedBufferTest.java,a9f959be57a872d0f5354dff9218ed5acedd9869,402,BSHIFT_WRONG_ADD_PRIORITY,3,"1 << (m+4) was intended. For MIN_CHUNK_POWER = 4, count should be 2048.",,Accept,,
https://github.com/GitHubNJUPT528/ctontcm/pull/6,MatchAndPlan/src/transferCenterRoutePlanning/Util/LatLng.java,59703b589f3bfcb160d825be248a3d61d1f6dcfb,29,DM_STRING_CTOR,2,,,,,
https://github.com/GitHubNJUPT528/ctontcm/pull/6,MatchAndPlan/src/transferCenterRoutePlanning/Util/RoutePlanByGreey.java,59703b589f3bfcb160d825be248a3d61d1f6dcfb,63,NM_METHOD_NAMING_CONVENTION,3,,,,,
https://github.com/code4tomorrow/java/pull/22,src/com/codefortomorrow/beginner/chapter2/solutions/VariableTypes.java,508db44ef4c6d814289390d83caf3bcd220935ee,18,CNT_ROUGH_CONSTANT_VALUE,2,fixed,fix,Accept and fix,,
https://github.com/Marc-JB/DevOps/pull/6,src/main/java/nl/avans/devops/code/vcs/git/GitBranch.java,632fefc40d393597281be134dd65fd972108bafb,37,DMI_RANDOM_USED_ONLY_ONCE,1,,,,,
https://github.com/hiroki1994/snitch/pull/34,src/test/java/com/example/demo/GlobalControllAdviceTest.java,dde23ca238a22a8128e7b9585b7d4c8f3c91e04c,23,NM_METHOD_NAMING_CONVENTION,2,Thank you!I overlooked this. I'll fix these names of method.,,Accept and fix,,
https://github.com/UlyaVoropaeva/homework_2021/pull/1,src/Lesson_1/Lesson_1.java,46ce7daa94e5dad4409e940a4eccfec2d2792341,30,CNT_ROUGH_CONSTANT_VALUE,1,,,,,
https://github.com/UlyaVoropaeva/homework_2021/pull/1,src/Lesson_1/Lesson_1.java,46ce7daa94e5dad4409e940a4eccfec2d2792341,87,NM_METHOD_NAMING_CONVENTION,3,,,,,
https://github.com/Yerke16/NurbazarovaYerkezhan/pull/1,Builder.java,047cd8b9dc32f0231dc3f8734165a2f03b027eb8,6,NM_METHOD_NAMING_CONVENTION,3,,,,,
https://github.com/indiviomaster/algorythms/pull/7,src/ru/indivio/algorithms/GrgaphWayTest.java,a9cd3abaf1ae8f5d9801c9529fb6085623a64c9a,11,NM_METHOD_NAMING_CONVENTION,3,,,,,
https://github.com/foo4u/conventional-commits-for-java/pull/12,conventional-commits-common/src/main/java/com/smartling/cc4j/semantic/release/common/changelog/ChangelogGenerator.java,a38b6a58a520ece6b01096ed8167e4dba76e7637,67,VA_FORMAT_STRING_USES_NEWLINE,2,"Hi @lillieMaiBauer, i added a spot bugs plugin to the project.%n - looks the right thing to do. But i realized this case:1.CI server uses Unix based OS with \n line separator - changelog contains \n as a line separator 2.For some reason we decided to perform release from Windows host - which will replace \n to \r\n in the changelog file
I am not sure if this is the correct behavior? I can see in many sources that %n should be used, however - is the case described above ok - so we really want to use platform specific separator in generated changelog file?",Add spot bugs,Accept,,
https://github.com/acoli-repo/conll-rdf/pull/48,src/main/java/org/acoli/conll/rdf/CoNLLRDFUpdater.java,4f49b0dd21f0cfe1898b860851c18fcd891fdf13,284,DM_STRING_VOID_CTOR,2,,merged,,,
https://github.com/acoli-repo/conll-rdf/pull/48,src/main/java/org/acoli/conll/rdf/CoNLLRDFUpdaterFactory.java,4f49b0dd21f0cfe1898b860851c18fcd891fdf13,76,ES_COMPARING_STRINGS_WITH_EQ,2,no replay but fix,,Accept and fix,,
https://github.com/EvoSuite/evosuite/pull/342,client/src/main/java/org/evosuite/symbolic/dse/algorithm/strategies/KeepSearchingCriteriaStrategy.java,c1394624e4b571f9a419087391f77e4906bdfde1,33,NM_METHOD_NAMING_CONVENTION,3,"Thanks for the comment, just updated it.",merged,Accept and fix,,
https://github.com/sv3tlana742/UIAutomation_HW/pull/2,src/test/java/lesson_5/CoursesFreeTest.java,361bc5f1ec206c977a9c904e5a4426adf5f52d5e,13,NM_METHOD_NAMING_CONVENTION,2,,,,,
https://github.com/Preeti8600/githubdemo/pull/2,ResourceLeak.java,7e2fe0f791067cd02b11c32d7c507455304b6f07,25,DM_RUN_FINALIZERS_ON_EXIT,2,,,,,
https://github.com/Preeti8600/githubdemo/pull/2,ResourceLeak.java,7e2fe0f791067cd02b11c32d7c507455304b6f07,53,SA_SELF_ASSIGNMENT,1,,,,,
https://github.com/Preeti8600/spring-cloud-alibaba/pull/1,spring-cloud-alibaba-starters/spring-cloud-alibaba-commons/src/main/java/com/alibaba/cloud/commons/io/FileUtils.java,994d064a8b70e871f665a3e229177ce64154fe8f,115,DM_RUN_FINALIZERS_ON_EXIT,2,,,,,
https://github.com/NCIEVS/evsrestapi/pull/66,src/test/java/gov/nih/nci/evs/api/controller/ConceptControllerTests.java,fd9ed56bb65307331ae283537d340293d3c18f15,1212,ES_COMPARING_STRINGS_WITH_EQ,2,,merged,,,
https://github.com/danielz9999/Shogi/pull/1,piece.java,47a04513b29b441d6edfeb2a8dbfb1baa7bbb2fb,3,NM_CLASS_NAMING_CONVENTION,2,,closed,,,
https://github.com/Byron-MN-FRC/OC/pull/1,src/main/java/frc/robot/commands/startGateMotor.java,1f17a95b5865f726bf31bb0a501864a7ded357ab,23,NM_CLASS_NAMING_CONVENTION,2,,,,,
https://github.com/brianlarson733/Great-Lakes-Support/pull/34,Ray's Adventure/raysAdventure/src/prototype/items/Inventory.java,e736d23a3c272ed602ca59686cf7836fd9a7cb5d,19,NM_METHOD_NAMING_CONVENTION,2,,merged,,,
https://github.com/Edodums/OOP20-space-cstm/pull/6,src/main/views/View.java,830d7a9a7ba31eca1c52015b5b998883e44576c1,45,UI_INHERITANCE_UNSAFE_GETRESOURCE,2,"That's true, thanks for the suggestion, good bot <3",,Accept,,
https://github.com/openmrs/openmrs-distro-referenceapplication/pull/309,ui-tests/src/test/java/org/openmrs/reference/EditFormTest.java,7f64e20c3195383b1aef185605d494651ee345d2,36,NM_METHOD_NAMING_CONVENTION,2,i will have to close this and make a better pr for this ticket,,Accept and fix,,
https://github.com/openmrs/openmrs-distro-referenceapplication/pull/340,ui-tests/src/test/java/org/openmrs/reference/AddDiagnosisToVisitNoteTest.java,b9d1dfd4f51101e571697fd84322775f2f284176,42,NM_METHOD_NAMING_CONVENTION,2,@lyndseyBeil Thanks for this cache. Its a good idea if you create a ticket for this and go a head to work on it. cc: @gracepotma,further work,Accept,,
https://github.com/openmrs/openmrs-distro-referenceapplication/pull/334,ui-tests/src/test/java/org/openmrs/reference/AddDiagnosisToVisitNoteTest.java,1016bf0e7dd1f7968491d5bcb64fcd38c482b4a2,40,NM_METHOD_NAMING_CONVENTION,2,,merged,,,
https://github.com/AndrewK33/Java_CORE_2/pull/6,src/main/java/Lesson_3/workForArray.java,2e3a431f5ead754a622f25536eb6b2e8ec012805,7,NM_CLASS_NAMING_CONVENTION,2,,merged,,,
https://github.com/AndrewK33/Java_CORE_2/pull/5,src/main/java/Lesson_3/workForArray.java,ae1a2d89f53fb982ad7adbc586f6f866b1689477,7,NM_CLASS_NAMING_CONVENTION,2,,merged,,,
https://github.com/KhadhraouiRamzi/smart_back_end/pull/1,src/main/java/com/example/demo/entite/user.java,09ff53f6fdc3649ca552c9144982c20adc800d2f,13,NM_CLASS_NAMING_CONVENTION,2,,closed,,,
https://github.com/timurjava/smart-home-2020/pull/4,src/main/java/ru/sbt/mipt/oop/Alarm/AlarmTest.java,900b0291ea683ecf005877f8f7c6f3c06cbf98c5,28,NM_METHOD_NAMING_CONVENTION,3,,,,,
https://github.com/timurjava/smart-home-2020/pull/5,src/main/java/ru/sbt/mipt/oop/Alarm/AlarmTest.java,900b0291ea683ecf005877f8f7c6f3c06cbf98c5,28,NM_METHOD_NAMING_CONVENTION,3,,,,,
https://github.com/SourcePointUSA/android-cmp-app/pull/323,cmplibrary/src/test/java/com/sourcepoint/gdpr_cmplibrary/ConsentLibBuilderTest.java,7bdb1d68ee41b4af65d0485c005ee4399c8d2e98,87,NM_METHOD_NAMING_CONVENTION,2,,closed,,,
https://github.com/justincnn/BilibiliTask/pull/3,src/test/java/top/srcrs/util/SendTest.java,6c36ded06fcdc7fe3524e5e3afd007d9b301e9d5,21,NM_METHOD_NAMING_CONVENTION,3,,This repository has been disabled,404 Not Found,,
https://github.com/Siddhant-K-code/ds-algo-solutions/pull/1,Algorithms/Bit Manipulation/And Product/solution.java,9209412314e9807202afda8a74e34c0f2ef75396,9,NM_CLASS_NAMING_CONVENTION,2,,,404 Not Found,,
https://github.com/AlyonaArlova/HW05032021/pull/2,src/task1.java,9be2977d2a05cbfbb07a14cac3180d2821146948,3,NM_CLASS_NAMING_CONVENTION,2,,merged,,,
https://github.com/Alex80804/geekbrains-java-base1/pull/2,src/main/java/lesson2/Lesson2Tasks.java,46e6a1ff233c5c26895fa70d6302b195ef2280fc,3,NM_CLASS_NAMING_CONVENTION,2,thumb emoji,,Accept,,
https://github.com/zoerAleksandr/GeekBrainsLesson/pull/6,src/com/zoerAleksandr/lesson5/Main.java,00a5996dcfb2e3e4b172ec32d7692646a90fb9ea,17,VA_FORMAT_STRING_USES_NEWLINE,2,,merged,,,
https://github.com/OriBlanka/AndroindMilab/pull/6,FinalProject/client/app/src/main/java/com/runbuddy/LoginActivity.java,698c2078079fe03206e5a211c8d1f5c15be2605e,65,NM_METHOD_NAMING_CONVENTION,3,,merged,,,
https://github.com/ArturioBoss/SpringJava/pull/1,src/main/java/ru/arturios/Commands.java,c0790cd1a9b66bad5813d05f1df6981ac1ae2725,29,VA_FORMAT_STRING_USES_NEWLINE,2,,,,,
https://github.com/ArturioBoss/SpringJava/pull/2,src/main/java/ru/arturios/Commands.java,78a44ff6790a63e4e6a9a79f89f60aa511cfd83a,29,VA_FORMAT_STRING_USES_NEWLINE,2,,,,,
https://github.com/togamek/JavaExercises/pull/1,jyanken.java,0f0f80e90b2e354f252b166bb70ac5d7749b2459,5,NM_CLASS_NAMING_CONVENTION,2,,,,,
https://github.com/PaulFrere/spring-boot-project/pull/2,src/main/java/ru/geekbrains/boot/controllers/ProductController.java,b4d387a75fd733b89040e3da49dde9e906986fdd,18,NM_METHOD_NAMING_CONVENTION,2,,,,,
https://github.com/gek-m/CalculatorJM/pull/2,app/src/main/java/com/example/calculatorjm/domain/CalcImplementation.java,8a5f2cf114eb2e8b8dc3720b93de1f7da7ca2db4,6,NM_METHOD_NAMING_CONVENTION,2,,,404 Not Found,,
https://github.com/magnusua/Calculator/pull/3,app/src/main/java/com/kugot/android1/calculator/Calculator.java,92c46c9394ab221bc72e239f9796a7bc9b2eb1f4,34,DMI_USING_REMOVEALL_TO_CLEAR_COLLECTION,2,"thank you, now I understand it better.",,Accept,,
https://github.com/techflash/core-java/pull/5,src/test/java/rough/FileTests.java,febf94b0fd145d5407e3959cb56165e402d086f1,15,NM_METHOD_NAMING_CONVENTION,2,Never thought someone will look at my shitty test code... thanks a lot Elli! ,,Accept,,
https://github.com/quarano/quarano-application/pull/201,backend/src/main/java/quarano/sormas_integration/SormasClient.java,edf7015f15382131432739514cbc6f02f63b2139,57,NM_METHOD_NAMING_CONVENTION,3,,closed,,,
https://github.com/Olga0103/algorithms/pull/6,src/lession_4/LinkedList.java,5543f4292e53621a0e545feb8779713e6b789dd0,5,NM_SAME_SIMPLE_NAME_AS_SUPERCLASS,1,,closed,,,
https://github.com/vesoft-inc/nebula-java/pull/274,client/src/test/java/com/vesoft/nebula/client/graph/data/TestData.java,3dd6e5a3bbb8d08eb76a52aa0ec0dcdac7bdd512,143,DM_STRING_CTOR,2,,closed,,,
https://github.com/vesoft-inc/nebula-java/pull/273,client/src/test/java/com/vesoft/nebula/client/graph/data/TestData.java,3dd6e5a3bbb8d08eb76a52aa0ec0dcdac7bdd512,143,DM_STRING_CTOR,2,,closed,,,
https://github.com/vesoft-inc/nebula-java/pull/275,client/src/test/java/com/vesoft/nebula/client/graph/data/TestData.java,86f8b5e66557a114380e903ce79fc8fed03a7fc6,143,DM_STRING_CTOR,2,"Thanks for your attention! It is just the test code. And the test code strings, if not reused, in fact, the memory usage is no different.",,Accept,,
https://github.com/Amit1199/Project/pull/1,covax/src/main/java/in/edac/controller/HospitalDao.java,b8ef848a65e0ddcc40a899dad88368df2e9865fd,34,NM_METHOD_NAMING_CONVENTION,2,,,,,
https://github.com/nearApp-proyect/nearapp-backend/pull/2,src/main/java/com/backend/nearapp/model/usuario.java,59441a5d8cdd0a7b722cdd5e56cecd0fb5c9a4dd,11,NM_CLASS_NAMING_CONVENTION,2,,merged,,,
https://github.com/greenteacups/Just-Cosmetics/pull/1,src/main/java/cosmetics/RemoveEffects.java,bb50e00a65bc64220b096a12434042948d5ec0aa,19,NM_METHOD_NAMING_CONVENTION,2,,merged,,,
https://github.com/project-ncl/pnc/pull/3486,termd-build-driver/src/main/java/org/jboss/pnc/termdbuilddriver/DefaultClientFactory.java,db77913b32f54b3baa78b130122f684ff05a49fd,128,RV_EXCEPTION_NOT_THROWN,2,,closed,,,
https://github.com/wso2/carbon-apimgt/pull/9971,components/apimgt/org.wso2.carbon.apimgt.throttling.siddhi.extension/src/test/java/org/wso2/carbon/apimgt/throttling/siddhi/extension/ThrottlingTimeLengthWindowTestCase.java,62c30622d3cd0a0f1e68589440ae7f03959e3d82,59,NM_METHOD_NAMING_CONVENTION,3,,merged,,,
https://github.com/BichevoyIgor/newJavaChat/pull/1,client/src/main/java/sample/Controller.java,25330867d166c864c2c71a72263525121247c94f,263,NM_METHOD_NAMING_CONVENTION,2,,,,,
https://github.com/AY2021S2-CS2103-T16-3/tp/pull/62,src/test/java/seedu/address/logic/commands/RemarkCommandTest.java,828ee5615aff76409d16cac9cf57d6e91f20004c,119,EC_NULL_ARG,2,,closed,,,
https://github.com/AY2021S2-CS2103-T16-3/tp/pull/62,src/test/java/seedu/address/logic/commands/RemarkCommandTest.java,828ee5615aff76409d16cac9cf57d6e91f20004c,116,SA_SELF_COMPARISON,2,,closed,,,
https://github.com/Neelam-dev/newdemo/pull/1,NewDemo/src/test/java/Demo1.java,984b301c2d69780fcd7e755c36b9dc41aa19a383,32,NM_METHOD_NAMING_CONVENTION,2,,merged,,,
https://github.com/paceville/ElenaBogacheva_LevelUP/pull/8,src/test/java/homework_5/task_1/isNegativeTest.java,5be133c44f695f18bc10cb5014eebe3ab991e4e8,8,NM_CLASS_NAMING_CONVENTION,2,,,,,
https://github.com/WillemMBotha20/PRG381Project/pull/14,BusinessLogicLayer/Menu.java,9292f63ab26286f327d318016971efea98b36a0e,15,NM_METHOD_NAMING_CONVENTION,2,confused emoji,,Not interested,,
https://github.com/MariaNazar/blogPessoal/pull/6,blogPessoal/src/main/java/org/generation/blogPessoal/controller/usuarioController.java,a161e6f15fbbcc76be462caa33318ec5b2601e15,22,NM_CLASS_NAMING_CONVENTION,2,,,404 Not Found,,
https://github.com/MariaNazar/blogPessoal/pull/4,blogPessoal/src/main/java/org/generation/blogPessoal/seguranca/basicSecurityConfig.java,4250dbab0907ed66ac47333666c456fc7de588f5,15,NM_CLASS_NAMING_CONVENTION,2,,,404 Not Found,,
https://github.com/MariaNazar/blogPessoal/pull/5,blogPessoal/src/main/java/org/generation/blogPessoal/service/UsuarioService.java,175862037809970878f228b976fed188110c62c1,22,NM_METHOD_NAMING_CONVENTION,2,,,404 Not Found,,
https://github.com/zimi-pl/zadanka/pull/2,src/main/java/pl/zimi/zadanka/Zad4.java,cb89cef33ae91df7d4bc7cdb5e0037974be5f27b,57,ES_COMPARING_STRINGS_WITH_EQ,2,Thx a lot! now that's make a sense!,,Accept,,
https://github.com/zimi-pl/zadanka/pull/2,src/main/java/pl/zimi/zadanka/Zad4.java,cb89cef33ae91df7d4bc7cdb5e0037974be5f27b,43,DM_STRING_VOID_CTOR,2,"Ok, I will change that",fix,Accept and fix,,
https://github.com/zimi-pl/zadanka/pull/2,src/test/java/pl/zimi/zadanka/Zad4Test.java,cb89cef33ae91df7d4bc7cdb5e0037974be5f27b,24,NM_METHOD_NAMING_CONVENTION,3,"Ok, it will be changed.",fix,Accept and fix,,
https://github.com/HugoPeters/N64LoaderWV-DinoPlanet/pull/2,src/main/java/n64loaderwv/DPDLL.java,ee78c3b7c1f837a7748b9713ef3911fe66bf2e62,73,NM_METHOD_NAMING_CONVENTION,3,confused emoji,,Not interested,,
https://github.com/evgeniiruchko/HomeWork7/pull/1,src/ru/geekbrains/Java3/TestedMethods.java,8b559ef4e32f5c3a05f4fb4821830f302a50404d,6,NM_METHOD_NAMING_CONVENTION,2,,,,,
https://github.com/gary1998/security-advisor-sdk-java/pull/1,modules/common/src/main/java/com/ibm/cloud/securityadvisor/common/SdkCommon.java,026fc3b02c354d08a28dc7631c35363cded1f4aa,191,ES_COMPARING_STRINGS_WITH_EQ,2,,,404 Not Found,,
https://github.com/future-stardust/url-shrtnr-last/pull/29,src/main/java/edu/kpi/testcourse/model/ErrorResponse.java,ecec0b56433a6120d0fcb6bf73e460d476e3b953,9,NM_METHOD_NAMING_CONVENTION,2,This is not a method.,fp,Marked as fp,SpotBugs Report,
https://github.com/NadezhdaPenkrat/Java_FreeIT/pull/3,lesson_3/src/com/freeit/methodicaltasks/Task21BuilderBufferString.java,557cf2c5d55879e53961c70d4d27f82b222d6ce0,15,DM_STRING_VOID_CTOR,2,"thank you, i read the chapter deeper for a better understanding and try to correct it",fix,Accept and fix,,
https://github.com/ls1intum/Artemis/pull/2977,src/test/java/de/tum/in/www1/artemis/service/compass/controller/AutomaticAssessmentControllerTest.java,a76167a9a8c44c6665166e25ac238bb5365dfb5b,170,SA_SELF_COMPUTATION,2,,,Marked as resolved but did not reply,,
https://github.com/TheNeonLightning/smart-home-2021/pull/2,src/test/java/ActionableSmartHomeTest.java,6aef65cc222fc55ef9c5138a72b0cbef0ec0dc8c,26,NM_METHOD_NAMING_CONVENTION,2,,closed,,,
https://github.com/49470488/BilibiliTask/pull/1,src/test/java/top/srcrs/util/SendTest.java,74b513c770fd54d7e64b75a64c1a28e1407bfe9e,35,NM_METHOD_NAMING_CONVENTION,3,,,404 Not Found,,
https://github.com/49470488/BilibiliTask/pull/2,src/test/java/top/srcrs/util/SendTest.java,a3b8cc80d46bc816e7482d40ae520c8ecdeeeb3f,35,NM_METHOD_NAMING_CONVENTION,3,,,404 Not Found,,
https://github.com/ddt-syamashita/meikaijava_syamashita/pull/4,meikai_java/src/E_5_6/E_5_6.java,00f73c29c48c387445b3b817ec795384e64e9b8c,26,VA_FORMAT_STRING_USES_NEWLINE,2,è¿™å¾ˆé‡è¦ï¼Œæ‰€ä»¥è®©æˆ‘ä»¬ä¿®å¤æ ¼å¼ã€‚ ï¼ˆçŸ³äº•ï¼‰,,Accept,,
https://github.com/AY2021S2-CS2103-W16-3/tp/pull/119,src/test/java/seedu/partyplanet/model/person/BirthdayTest.java,3caf37ffd40e611b279bee7a45741b4ea32b6f1e,109,SA_SELF_COMPARISON,2,,merged,,,
https://github.com/ateresit/geekbrains_java/pull/20,level_03/hw_04chat/server/src/main/java/server/SQLHandler.java,41300efdfecd18438e582be6b9ed4db74ba4ffc6,110,VA_FORMAT_STRING_USES_NEWLINE,2,,merged,,,
https://github.com/oussamabouguerra/BrainStorm/pull/1,FXMLDocumentController.java,87cf7b896a57c51a86cfd665b4a6c45e5e6085ce,283,NM_METHOD_NAMING_CONVENTION,3,,,,,
https://github.com/AY2021S2-CS2103-T16-2/tp/pull/18,src/test/java/seedu/address/logic/commands/RemarkCommandTest.java,c586410e739dd9d35d926bd44044e6548e771ccd,123,EC_NULL_ARG,2,,,,,
https://github.com/AY2021S2-CS2103-T16-2/tp/pull/18,src/test/java/seedu/address/logic/commands/RemarkCommandTest.java,c586410e739dd9d35d926bd44044e6548e771ccd,120,SA_SELF_COMPARISON,2,,,,,
https://github.com/Azure/azure-sdk-for-java/pull/19926,sdk/containerregistry/azure-containers-containerregistry/src/test/java/com/azure/containers/containerregistry/authentication/ContainerRegistryClientPolicyTest.java,7cbec67d81e3a2a3ea8fff7b3c10df79bd290c55,120,SA_SELF_COMPARISON,2,,delete,,,
https://github.com/Azure/autorest.java/pull/969,androidgen/src/main/java/com/azure/autorest/android/template/AndroidClientMethodTemplate.java,6656f40d1264c540fd5f39f458d9aa40f71ad242,72,VA_FORMAT_STRING_USES_NEWLINE,2,Thank you. I wasn't aware of that. I'll update this,,Accept and fix,,
https://github.com/DavidZhar/2020-12-otus-java-Zharnitskiy/pull/9,hw15/src/test/java/ru/otus/listener/homework/HistoryListenerTest.java,0657a0331f19e5ade3228b4ee03bec487b450351,18,NM_METHOD_NAMING_CONVENTION,3,,,,,
https://github.com/SoftEng-HEIGVD/https-github.com-SoftEng-HEIGVD-Teaching-HEIGVD-RES-2021-Labo-Java-IO/pull/35,LabJavaIO/src/main/java/ch/heigvd/res/labio/impl/Application.java,973334ef831f2acf36ba6e690575b1677c946dc8,135,DM_STRING_VOID_CTOR,2,"Fixed it, the string is now initialized with empty string",,Accept and fix,,
https://github.com/SoftEng-HEIGVD/https-github.com-SoftEng-HEIGVD-Teaching-HEIGVD-RES-2021-Labo-Java-IO/pull/45,LabJavaIO/src/main/java/ch/heigvd/res/labio/impl/explorers/DFSFileExplorer.java,dad67d2f99732c811ed7bd2f150b42ab17ce3e59,32,NM_METHOD_NAMING_CONVENTION,3,,,,,
https://github.com/DmitryLapitsky/2020_12_OTUS_java_Lapitsky/pull/10,hw07/src/main/java/ru/otus/listener/ListenerPrinter.java,1e9bc8975d2838abf64c205aab05913e70e6ea34,9,VA_FORMAT_STRING_USES_NEWLINE,2,,merged,,,
https://github.com/thesamebox/Lesson_7_8/pull/6,server/src/main/java/AuthService.java,369a682a10bbe2f581a8ce99008b36a642fe7f4d,2,NM_METHOD_NAMING_CONVENTION,3,,,,,
https://github.com/thesamebox/Lesson_7_8/pull/6,server/src/main/java/server.java,369a682a10bbe2f581a8ce99008b36a642fe7f4d,14,NM_CLASS_NAMING_CONVENTION,2,,,,,
https://github.com/thesamebox/Lesson_7_8/pull/4,server/src/main/java/AuthService.java,67dcedba0e08a9a5a3e501697b74980e04067791,2,NM_METHOD_NAMING_CONVENTION,3,,,,,
https://github.com/thesamebox/Lesson_7_8/pull/5,server/src/main/java/AuthService.java,be8815fdbf4994b5a6299fbfd56b7818e41d7e15,2,NM_METHOD_NAMING_CONVENTION,3,,,,,
https://github.com/thesamebox/Lesson_7_8/pull/5,server/src/main/java/server.java,be8815fdbf4994b5a6299fbfd56b7818e41d7e15,16,NM_CLASS_NAMING_CONVENTION,2,,,,,
https://github.com/highlandervova/demo/pull/4,src/main/java/service/OptionService.java,2d02171dda261808195458681d3d7d8665b45532,43,DMI_RANDOM_USED_ONLY_ONCE,1,,,,,
https://github.com/ErvaErgul/Erva/pull/1,InternationalFlight/button2.java,777c422129a76ff2be5e517ea66acb1a62b91b88,10,NM_CLASS_NAMING_CONVENTION,3,,404 Not Found,404 Not Found,,
https://github.com/AndrewCMoore/Software-Security-Metrics-Calculator/pull/50,src/Report_Generation/GenerateHTML.java,1312b80043d0420275ff3f762bebc5abf7d4b31e,604,NM_METHOD_NAMING_CONVENTION,2,"Thank your for the suggestion, your right about the naming problem, I'll fix that in the next couple of days.Out of Curiosity how did you find this project? Because it's a school project",fix,Accept and fix,,
https://github.com/agonyforge/arbitrader/pull/359,src/main/java/com/r307/arbitrader/service/NotificationServiceImpl.java,d4cbcbe2b6654567fbb6bac8bbf8aa0cea78d030,105,VA_FORMAT_STRING_USES_NEWLINE,2,,,,,
https://github.com/IDoGeEeeeI/Dz-1/pull/1,Rain1/src/main/java/Less1.java,f80a70c3b25ab4f9a5ac593196e13233e50e08b0,9,CNT_ROUGH_CONSTANT_VALUE,1,,404 Not Found,404 Not Found,,
https://github.com/f-lab-edu/careers/pull/5,src/test/java/com/dev/careers/service/CuratorServiceTest.java,510ae49d3333d145e68c5bec8b2d78062e813b36,20,NM_METHOD_NAMING_CONVENTION,2,thumb emoji,,Accept,,
https://github.com/Vsevolod9698/Avenga/pull/11,src/main/java/TestBrowser/PageObjectTest.java,be47b492690c642b712eb199770e6262cbf0460d,75,NM_METHOD_NAMING_CONVENTION,2,,404 Not Found,404 Not Found,,
https://github.com/Vsevolod9698/Avenga/pull/14,src/test/java/AssuredTest.java,6a125090dc6b3701d82126083795786d414249b1,11,NM_METHOD_NAMING_CONVENTION,2,,404 Not Found,404 Not Found,,
https://github.com/l0197d/Java.HW-3.4.1/pull/2,src/test/java/ru/netology/manager/AfishaManagerTest.java,03dc0d306dd7d3d583290bdcea5903967835ceaa,54,NM_METHOD_NAMING_CONVENTION,3,,,,,
https://github.com/Hurence/logisland/pull/574,logisland-components/logisland-services/logisland-service-elasticsearch/logisland-service-elasticsearch_7_x-client/src/main/java/com/hurence/logisland/service/elasticsearch/ElasticsearchRecordConverter.java,22a433ab75df3ef948d8a0d765964c19b44b354b,44,DM_STRING_CTOR,2,create a commit,,Accept and fix,,
https://github.com/JakeWharton/dagger-reflect/pull/214,reflect/src/main/java/dagger/reflect/ReflectiveAssistedFactoryLookupFactory.java,2f99a89ce59040a2e027655e528a017d14a75f68,36,VA_FORMAT_STRING_USES_NEWLINE,2,,,,,
https://github.com/ducdai1994/ac/pull/1,src/com/ducdai/strust/gitttt.java,12a817200d0a44ea252196ac3ce7c8e8fb1b0496,3,NM_CLASS_NAMING_CONVENTION,2,,,,,
https://github.com/ifpb-cz-ads/poo-2020-2-ac07-team-alanjoaoemanuel/pull/1,CBBAtividadePratica1.java,d6207c53ab7c8c6250db51e672435e798ece218d,7,DM_STRING_CTOR,2,,404 Not Found,404 Not Found,,
https://github.com/ifpb-cz-ads/poo-2020-2-ac07-team-allysonpatrick/pull/1,TesteIgualdade.java,a6155b2b0765e8cbfbfddeebf7ae5c76dad58497,6,DM_STRING_CTOR,2,,404 Not Found,404 Not Found,,
https://github.com/ifpb-cz-ads/poo-2020-2-ac06-lukastavares/pull/1,Aula6/src/Aula/excer.java,30aaff27c2fe48c91d4edc31225e162f88736ea0,3,NM_CLASS_NAMING_CONVENTION,2,,404 Not Found,404 Not Found,,
https://github.com/ifpb-cz-ads/poo-2020-2-ac07-team-milenagabriel/pull/1,BMExercicio04.java,6effd228bae73ba02afc6f23e5736114624b635f,1,NM_CLASS_NAMING_CONVENTION,2,,404 Not Found,404 Not Found,,
https://github.com/ifpb-cz-ads/poo-2020-2-ac07-team-milenagabriel/pull/1,CBBExercicio01.java,6effd228bae73ba02afc6f23e5736114624b635f,5,DM_STRING_CTOR,2,,404 Not Found,404 Not Found,,
https://github.com/Evengarr/TasksForLesson3/pull/6,Lesson6/ChatServer/src/main/java/mainServer.java,cb4d2a51649cb3bb46e60a960dd5d559b614090d,1,NM_CLASS_NAMING_CONVENTION,2,,,,,
https://github.com/Evengarr/TasksForLesson3/pull/6,Lesson6/src/test/java/MainTest.java,cb4d2a51649cb3bb46e60a960dd5d559b614090d,16,NM_METHOD_NAMING_CONVENTION,2,,,,,
https://github.com/gruppe17/roborally/pull/15,src/main/java/dk/dtu/compute/se/pisd/roborally/model/board/Space.java,4209dbc039173159b9ed829db2ca0982ccdc5ef8,102,BC_IMPOSSIBLE_DOWNCAST_OF_TOARRAY,1,Was already fixed,fix,Accept and fix,,
https://github.com/gruppe17/roborally/pull/15,src/main/java/dk/dtu/compute/se/pisd/roborally/model/board/boardElement/wall.java,4209dbc039173159b9ed829db2ca0982ccdc5ef8,6,NM_CLASS_NAMING_CONVENTION,2,Was already fixed,fix,Accept and fix,,
https://github.com/oracle/graal/pull/3288,substratevm/src/com.oracle.svm.hosted/src/com/oracle/svm/hosted/jdk/JNIRegistrationSupport.java,2de5f6dedce3bc07fea4c29c6a6a59c92bbfb39a,118,RC_REF_COMPARISON_BAD_PRACTICE_BOOLEAN,2,"I'd say it's a false positive, but it's also easy to fix, so I'll see to piggyback this on some future PR:",,Marked as fp,SpotBugs Report,
https://github.com/namikazei/Confdroid_project/pull/8,app/src/main/java/com/example/confroid_project/ui/configurationActivity.java,3e5bd4be9d448d9455c6a63d97854ddb3dc9fc6f,14,NM_CLASS_NAMING_CONVENTION,2,thank you for the observation we will try to fix that ASAP ! :),fix,Accept and fix,,
https://github.com/plume-lib/plume-util/pull/124,src/main/java/org/plumelib/util/ArraysPlume.java,60013376459247a1dfdfbd016822c168c958ee63,1597,BC_IMPOSSIBLE_DOWNCAST_OF_TOARRAY,1,"@ellieMayVelasquez Thanks for the comment, but it has nothing to do with this pull request and therefore it should have been a new issue or pull request. Your proposed fix does not work because T is a type parameter, unlike your example where String is a class.If you can provide a test case that the current code fails, and a change that fixes that problem, please open a pull request with them. Thanks!",,Not interested,,"
"
https://github.com/Khmelov/PISL2021-02-01/pull/89,src/by/it/group873601/karpeychik/lesson03/A_Huffman.java,e355b925ad90dc67e064bb078fb94ada6deb02a0,153,VA_FORMAT_STRING_USES_NEWLINE,2,,merged,,,
https://github.com/Khmelov/PISL2021-02-01/pull/81,src/by/it/group873602/martirosov/lesson01/FiboA.java,2c85cdf7d84fa8a0c22049a8c795760967763e49,20,VA_FORMAT_STRING_USES_NEWLINE,2,,merged,,,
https://github.com/Khmelov/PISL2021-02-01/pull/90,src/by/it/group873601/kupreichik/lesson03/A_Huffman.java,9dead5589d49fcdf714a5b0dcabaf5496fc0e88b,153,VA_FORMAT_STRING_USES_NEWLINE,2,,merged,,,
https://github.com/Khmelov/PISL2021-02-01/pull/83,src/by/it/group873602/kavetski/lesson01/FiboA.java,88ac570aa2ed6f16b47504243d019d8d5d7926ea,20,VA_FORMAT_STRING_USES_NEWLINE,2,,merged,,,
https://github.com/Khmelov/PISL2021-02-01/pull/82,src/by/it/group873602/golev/lesson01/FiboA.java,cb452c50299afe61d0faf6e67ded85477e4ac666,20,VA_FORMAT_STRING_USES_NEWLINE,2,,merged,,,
https://github.com/ARGOeu/argo-streaming/pull/173,flink_jobs/status_trends/src/main/java/argo/functions/calculations/CalcServiceEndpointFlipFlop.java,e13a1f1d90c8c4a98f798d0d1061cc858e2a56a2,35,SA_SELF_ASSIGNMENT,1,,closed,,,
https://github.com/FarVoyager/Android1/pull/4,app/src/main/java/chvirov/com/example/work11/Calculations.java,8ae8fea7251b8559d969581ab59ff2e3931b5e2c,14,NM_METHOD_NAMING_CONVENTION,2,,,,,
https://github.com/ijcrawford/DmvSimulator/pull/2,src/DmvSimulator.java,2d7f7b8ab7a930b86feb0509cf4ce626b1b6b038,4,RV_01_TO_INT,1,,,,,
https://github.com/TNG/ArchUnit/pull/551,archunit/src/main/java/com/tngtech/archunit/core/domain/JavaClass.java,70898373b40ede845d8cde0cc0ccf5434b15d091,1364,NM_CLASS_NAMING_CONVENTION,3,"Are you talking about the camel casing of Superclass? That was actually a longer thought process ðŸ˜‰ You can compare this to the Reflection API: Class.getSuperclass(), so this is where it is coming from (besides that there is also ""Superman"", ""supermarket"" and ""superconductor"", i.e. ""super"" is in general not considered a separate word for alle examples I could find in the English language)",delete,,,
https://github.com/rasul230885/java-11/pull/2,src/test/java/ru/netology/domain/RadioTest.java,5ed531a5fa2ed22e48ccb3a998b7bbdbf51c8dca,47,NM_METHOD_NAMING_CONVENTION,2,,,,,
https://github.com/devrayone/safedoor/pull/11,src/test/java/ru/devray/safedoor/SimpleTest.java,b9ed3f5c101d581ae0470ad60e08c7ffa9af24d5,39,RV_EXCEPTION_NOT_THROWN,2,,404 Not Found,404 Not Found,,
https://github.com/JGCRI/modelinterface/pull/13,ModelInterface/ModelGUI2/queries/CostCurveQueryBuilder.java,5f837a01c0b3acfa4f797339b1928d9aefd2af8e,407,ES_COMPARING_STRINGS_WITH_EQ,2,Fix bug which was using incorrect String comparison in Java. Thanks,,Accept and fix,,
https://github.com/ulearn-me-course-java/6-java-exceptions/pull/336,task05/src/com/example/task05/Task05Main.java,bfd486c6524a0b1ea88d804e1a17c6ffc413ba95,15,VA_FORMAT_STRING_USES_NEWLINE,2,Ñ‚Ñ‹ Ñ…Ñ‚Ð¾,,Not interested,,
https://github.com/ssafy-algoga/algorithm-study/pull/192,lktgt15/BOJ/17000/17143/answer.java,b7d5cb419903c70d19e3d182110d16e9fca76bf9,63,NM_CLASS_NAMING_CONVENTION,3,,merged ,,,
https://github.com/ssafy-algoga/algorithm-study/pull/195,minkue777/BOJ/17000/17143/answer.java,d0aea96e051984bb3210323cf3d4d838c06a9824,5,NM_CLASS_NAMING_CONVENTION,3,,merged,,,
https://github.com/ssafy-algoga/algorithm-study/pull/191,lktgt15/BOJ/17000/17143/answer.java,763e1cd0ce42ad08ef13ab6817736566a1d41c48,63,NM_CLASS_NAMING_CONVENTION,3,,merged,,,
https://github.com/VladimirChernikov/otus_java_2020_12/pull/6,hw06-solid/src/test/java/ru/otus/hw06/api/AtmTest.java,c09f23ab83af54c8ca8fb81345d92e38157ebfbc,56,SA_SELF_COMPUTATION,2,,merged,,,
https://github.com/prateekpatel-divergent/Clinic-Managment-System/pull/1,src/com/divergent/clinicmanagmentsystem/Appoinment.java,7ff128110dc388a785eb2e3d24cacbefe2f1f77b,111,VA_FORMAT_STRING_USES_NEWLINE,2,,,,,
https://github.com/prateekpatel-divergent/Clinic-Managment-System/pull/1,src/com/divergent/clinicmanagmentsystem/test/listofdrug.java,7ff128110dc388a785eb2e3d24cacbefe2f1f77b,13,NM_CLASS_NAMING_CONVENTION,2,,,,,
https://github.com/Dimlitter/BILIBILI-HELPER/pull/1,src/main/java/top/misec/apiquery/oftenAPI.java,407eea783c780fd69d7f84d54745d3297770a7ff,19,NM_CLASS_NAMING_CONVENTION,2,,,,,
https://github.com/Akssasori/ApiRestfull-Merchandising/pull/1,src/main/java/br/com/lucas/service/CanalService.java,fc5880d7f66ba870335a4a735db4cd351f68c96c,25,NM_METHOD_NAMING_CONVENTION,2,,,,,
https://github.com/javaGuruBY/rpaS4/pull/80,homework/java/Medvedskaya_Y/src/main/java/by/jrr/start/CircleDemo.java,4991411cea4dda9dc4126a2325dc3a8f76c77c7b,5,CNT_ROUGH_CONSTANT_VALUE,2,,,,,
https://github.com/trinodb/trino/pull/7202,plugin/trino-memsql/src/test/java/io/trino/plugin/memsql/TestMemSqlTypeMapping.java,f40eec5613e87eafea52a03cd444089511f4a5f7,114,CNT_ROUGH_CONSTANT_VALUE,2,What constant would you recommend here instead?,,Accept,,
https://github.com/AY2021S2-CS2103T-W12-1/tp/pull/6,src/test/java/seedu/address/logic/commands/RemarkCommandTest.java,a1eb6ccc91ee929a29cdbe8dd13511a8e0dbcc91,123,EC_NULL_ARG,2,,,,,
https://github.com/AY2021S2-CS2103T-W12-1/tp/pull/6,src/test/java/seedu/address/logic/commands/RemarkCommandTest.java,a1eb6ccc91ee929a29cdbe8dd13511a8e0dbcc91,120,SA_SELF_COMPARISON,2,,,,,
https://github.com/ftsrg-retelab/base/pull/57,train-tachograph/src/main/java/hu/bme/mit/train/tachograph/TrainTachograph.java,f96f5823d9510d2562f61da31164d56225a230fe,24,NM_METHOD_NAMING_CONVENTION,2,,,,,
https://github.com/ftsrg-retelab/base/pull/51,train-sensor/src/test/java/hu/bme/mit/train/sensor/TrainSensorTest.java,65ecae7ec6e5d67628dcfe9dd34dd58b26a44a9e,19,NM_METHOD_NAMING_CONVENTION,2,,,,,
https://github.com/ftsrg-retelab/base/pull/93,train-system/src/test/java/hu/bme/mit/train/system/TrainSystemTest.java,97643b52b1dfbdf832f4d11318484d381fe4fd53,53,NM_METHOD_NAMING_CONVENTION,2,,,,,
https://github.com/ftsrg-retelab/base/pull/31,train-system/src/test/java/hu/bme/mit/train/system/TrainSystemTest.java,c62ecb03f9104a78c1302251244f89c67b74c12c,57,NM_METHOD_NAMING_CONVENTION,2,,,,,
https://github.com/ftsrg-retelab/base/pull/62,train-system/src/test/java/hu/bme/mit/train/system/TrainSystemTest.java,822353c85f128da2a8a0868a491dacf475354fc4,54,NM_METHOD_NAMING_CONVENTION,2,,,,,
https://github.com/ftsrg-retelab/base/pull/70,train-sensor/src/test/java/hu/bme/mit/train/sensor/TrainSensorTest.java,97bffed1d69e0d69089b27c450cd0e8c3862e52b,16,NM_METHOD_NAMING_CONVENTION,2,,,,,
https://github.com/ftsrg-retelab/base/pull/71,train-controller/src/test/java/hu/bme/mit/train/controller/TrainControllerImplTest.java,81f460bc1be5c66731d710b477ed5a3b7b26e7f0,9,NM_METHOD_NAMING_CONVENTION,2,,,,,
https://github.com/sudheer51/EzraMMP/pull/2,mmp/src/main/java/org/iit/healthcare/mmp/patientmodule/pages/ViewInformationPage.java,de2db3f9f72d89c1d699e9c0fbf4ef89629cc51d,26,NM_METHOD_NAMING_CONVENTION,2,,,,,
https://github.com/Bizmatek/chat/pull/2,src/server/ClientHandler.java,4ede47aeae7a39f828f5f7de0009abb160b57c8c,39,VA_FORMAT_STRING_USES_NEWLINE,2,Thank you for your comment! Done :-),fix,Accept and fix,,
https://github.com/Shivamsharma21/BasicPractice/pull/1,Java_Programs/src/main/java/com/example/java_programs/Matrix.java,0f89a2d67499253deef6229f161935c7b5f4888e,50,NM_METHOD_NAMING_CONVENTION,2,,,,,
https://github.com/Osmangani99/Walmart/pull/2,src/test/java/TestRunner/myTestRunner.java,834181211a5f1c9af6de751e29979025530dff6d,4,NM_CLASS_NAMING_CONVENTION,2,,404 Not Found,404 Not Found,,
https://github.com/Sorbotar/cos/pull/1,src/cos/zad.java,a755825fa67c673b4cc007452919cb3e9e06e85a,3,NM_CLASS_NAMING_CONVENTION,3,,,,,
https://github.com/open-telemetry/opentelemetry-java-instrumentation/pull/2601,instrumentation-api/src/test/java/io/opentelemetry/instrumentation/api/caching/CacheTest.java,70a85cdd609d67c65bc47cd4e51158d988574f10,72,DM_STRING_CTOR,2,"@lillieMaiBauer Can you please disable this organization from your code review bot? We have satisfactory checks in place, including exclusions that need to be made in some cases like this.",,Not interested,,
https://github.com/open-telemetry/opentelemetry-java-instrumentation/pull/2601,javaagent-tooling/src/main/java/io/opentelemetry/javaagent/tooling/HelperInjector.java,70a85cdd609d67c65bc47cd4e51158d988574f10,129,RC_REF_COMPARISON_BAD_PRACTICE_BOOLEAN,2,,merged,,,
https://github.com/BlackTok/level3/pull/5,Lesson1/hw1/Main.java,a3f1f03199063e887d93bd79b230081cb6be3fb5,7,DM_STRING_CTOR,2,,,,,
https://github.com/RybchenkoOV/Java-Repository-Studies-/pull/5,lesson5/main.java,170b9ad69a168fa3d8fb6a7398130e02bf2504ef,14,NM_CLASS_NAMING_CONVENTION,2,Thanks for feedback! I'll take this info into account in my further work.,,Accept,,
https://github.com/SsnAgo/PersonalProject-Java/pull/68,131802125/src/Function.java,7296e4ab94911dcc2a8626cd330cba374a6cc97f,9,NM_METHOD_NAMING_CONVENTION,2,,,,,
https://github.com/SergeyVitovskiy/Ankas/pull/1,app/src/main/java/com/example/ankas/CategoryAndProduct.java,d43d8f7a73b1690d6f83b3a16450e0f947f0f0d8,83,NM_CLASS_NAMING_CONVENTION,3,,,,,
https://github.com/Carou5el/AlgorythmsCourse/pull/1,src/example/algdatastruct/lesson2/Main.java,6272b219343f5dc8b160c1998f10217aa6c50a70,43,VA_FORMAT_STRING_USES_NEWLINE,2,,,,,
https://github.com/Carou5el/AlgorythmsCourse/pull/1,src/example/algdatastruct/lesson3/CollectionsExample.java,6272b219343f5dc8b160c1998f10217aa6c50a70,118,NM_CLASS_NAMING_CONVENTION,3,,,,,
https://github.com/charlottejeynon/Software-Engineering-2/pull/8,Account.java,e77df044b8f3e0b3053f378446be35fa94728961,47,NM_METHOD_NAMING_CONVENTION,2,,closed,,,
https://github.com/alanlopes4/uri/pull/1,URI1047.java,9148c7fef9d4abace5dd5fed68dc88ce19659130,24,VA_FORMAT_STRING_USES_NEWLINE,2,,,,,
https://github.com/NabiyevTR/ads07/pull/1,src/ru/geekbrains/ntr_ads07/Graph.java,690414465aab135974cb9995e6dd831cf5c491e2,148,VA_FORMAT_STRING_USES_NEWLINE,2,,,,,
https://github.com/AY2021S2-CS2103T-T12-1/tp/pull/1,src/test/java/seedu/address/logic/commands/RemarkCommandTest.java,9922369f317a058a2ea5ae8da82515ec7c6d9921,122,EC_NULL_ARG,2,,,,,
https://github.com/AY2021S2-CS2103T-T12-1/tp/pull/1,src/test/java/seedu/address/logic/commands/RemarkCommandTest.java,9922369f317a058a2ea5ae8da82515ec7c6d9921,119,SA_SELF_COMPARISON,2,,,,,
https://github.com/akb364/CS465/pull/6,JoinedMessage.java,1d5c82dde96ae25a5d9b35338f2d24dea00696b4,11,SA_SELF_ASSIGNMENT,1,,closed,,,
https://github.com/akb364/CS465/pull/6,Sender.java,1d5c82dde96ae25a5d9b35338f2d24dea00696b4,150,QBA_QUESTIONABLE_BOOLEAN_ASSIGNMENT,1,,closed,,,
https://github.com/mirasim/radioman/pull/1,src/test/java/ru/netology/domain/RadioTest.java,582c8dacccbcad473f3e7e68481748330adb1337,77,NM_METHOD_NAMING_CONVENTION,3,,,,,
https://github.com/Novichoktlt/Java/pull/9,ChatController.java,903e6cb13a5de513c52d18fe27e48c30ac27eb59,47,NM_METHOD_NAMING_CONVENTION,2,,,,,
https://github.com/Novichoktlt/Java/pull/10,ChatController.java,eb5ae3f1a0a26cc804b0be7d5e37a5e46c1be6fc,47,NM_METHOD_NAMING_CONVENTION,2,,,,,
https://github.com/JonnySPb127778/geekBrainsJava-repo/pull/13,Java3_HW_7/Tests.java,0cf9515a37ff1f300f8640decdaeade684839d2e,6,NM_METHOD_NAMING_CONVENTION,2,,,,,
https://github.com/JetBrains/azure-tools-for-intellij/pull/453,Utils/azuretools-core/src/com/microsoft/azuretools/authmanage/AuthExceptionUtil.java,84c54de9b567944fa549f18e808d90b251a69903,40,NM_METHOD_NAMING_CONVENTION,2,,,Marked as resolved but did not reply,,
https://github.com/apodolyako/java4android/pull/6,lesson001/src/main/java/lesson5/Personal.java,53b79012d6d0dbf841f4701e4e9f503c330e355b,30,NM_METHOD_NAMING_CONVENTION,2,,,,,
https://github.com/IBM/platform-services-java-sdk/pull/86,modules/examples/src/main/java/com/ibm/cloud/platform_services/posture_management/v1/PostureManagementExamples.java,45555482f5682bd8653646011f388d89be269655,77,VA_FORMAT_STRING_USES_NEWLINE,2,@rubieHess thanks for your suggestion. It will be fixed soon. Other examples are going to be fixed by another PR.,fix,Accept and fix,,
https://github.com/Haulmont/jmix-reports/pull/63,reports/src/main/java/io/jmix/reports/entity/Report.java,b2fc27ff87433984e1ac3f8b4f0f6a3076f37624,46,NM_SAME_SIMPLE_NAME_AS_INTERFACE,2,,merged,,,
https://github.com/MehmetAzizYirik/AlgorithmicGroupTheory/pull/5,src/main/java/AlgorithmicGroupTheory/MORGEN.java,aa507c8123f0f853206a95bbd295db556ea4e5ae,1141,DMI_USING_REMOVEALL_TO_CLEAR_COLLECTION,2,Good catch. I will try to fix it.,fix,Accept and fix,,
https://github.com/MrNeelixs/Free_IT-Roman_course-/pull/8,src/main/java/lesson_3/Task_18.java,e44ed79ab0c53fa3c48fafe9046240eb97151061,6,NM_METHOD_NAMING_CONVENTION,2,,,,,
https://github.com/MrNeelixs/Free_IT-Roman_course-/pull/8,src/main/java/lesson_3/Task_21.java,e44ed79ab0c53fa3c48fafe9046240eb97151061,26,VA_FORMAT_STRING_USES_NEWLINE,2,,,,,
https://github.com/openhab/openhab-addons/pull/10277,bundles/org.openhab.binding.tapocontrol/src/main/java/org/openhab/binding/tapocontrol/internal/api/TapoConnector.java,7e868efb578561f7fd33c3a6778fa9b463e84db9,195,ES_COMPARING_STRINGS_WITH_EQ,2,no replay but fix,,Accept and fix,,
https://github.com/openhab/openhab-addons/pull/10277,bundles/org.openhab.binding.tapocontrol/src/main/java/org/openhab/binding/tapocontrol/internal/helpers/TapoCredentials.java,7e868efb578561f7fd33c3a6778fa9b463e84db9,149,VA_FORMAT_STRING_USES_NEWLINE,2,no replay but fix,,Accept and fix,,
https://github.com/MeritAmerica/assignment1/pull/7,src/main/java/com/meritamerica/assignment1/CheckingAccount.java,c90512c4fe5cffd68902e5c7ae8e20c59b981bf6,20,NM_METHOD_NAMING_CONVENTION,3,,,,,
https://github.com/Mu-L/graal/pull/517,compiler/src/org.graalvm.compiler.core.test/src/org/graalvm/compiler/core/test/OptimizedBoxNodeTest.java,14ee97735dab6b8dc4b81087fe9dbd8dd250b264,270,SA_SELF_COMPARISON,2,,merged,,,
https://github.com/TheJacksonLaboratory/LIRICAL/pull/547,src/main/java/org/monarchinitiative/lirical/svg/Lr2Svg.java,cab2963a9cf57f89b8baabff2b36de0c54bb1979,250,VA_FORMAT_STRING_USES_NEWLINE,2,"Thanks, I agree! We will modify.",fix,Accept and fix,,
https://github.com/figueirapedro/estoqueCRUDcomJAVA/pull/1,src/controleestoque/main.java,d8b4e40508335e1eb8bbc4ea54fc789f87db79b4,19,NM_CLASS_NAMING_CONVENTION,2,,,,,
https://github.com/hayRenat/HomeWork7/pull/1,src/HW/TestedMethods.java,ecb42c9b81c5b58ddbd6a3d5578ecb87eb93be6b,6,NM_METHOD_NAMING_CONVENTION,2,,,,,
https://github.com/openjdk/jdk/pull/2902,test/jdk/java/nio/MappedByteBuffer/ForceViews.java,3127ee0d34ecc6365ed3c87592320d4f2c412272,48,NM_METHOD_NAMING_CONVENTION,3,"Segment is a record, not a method (cf. https://openjdk.java.net/jeps/395).",,Marked as fp,SpotBugs Report,
https://github.com/openjdk/jdk/pull/2899,test/hotspot/jtreg/serviceability/jvmti/SuspendWithObjectMonitorEnter/SuspendWithObjectMonitorEnter.java,3e719713da75b2a51ffa23f142c95cf77dd52cff,92,NM_METHOD_NAMING_CONVENTION,3,"Nice catch. In the original 20 year old test those methods were:
so when I got rid of the diobj4413752 prefix I forgot to fix the new first letter.
I'll take care of those method renames and I'll double check for others.",fix,Accept and fix,,
https://github.com/ssafy10-5-algo/whynotworking/pull/24,Baekjun16235.java,f3a587b891b6202c436c191b87cf277490eaf9ef,54,NM_METHOD_NAMING_CONVENTION,3,,,,,
https://github.com/avp02/myHomeWorkJis5-2021/pull/20,src/main/java/com/avp/homework4_conditionOperators/task5_LoginService/service/UserLoginService.java,e35f8ac5970656a76f4efebc64c7c88addcb51cf,46,NM_METHOD_NAMING_CONVENTION,2,Done,,Accept and fix,,
https://github.com/avp02/myHomeWorkJis5-2021/pull/36,src/test/java/com/avp/homework7objectsinmemory/task4tvandtvconroller/service/TvControllerServiceTest.java,c61439001332828fdc5e4dbc6691741a47d574ba,26,NM_METHOD_NAMING_CONVENTION,3,I agree I didn't notice,fix,Accept and fix,,
https://github.com/adobe/aem-core-wcm-components/pull/1420,bundles/core/src/main/java/com/adobe/cq/wcm/core/components/internal/models/v2/ButtonImpl.java,107936652edabc492a5dad8ef27e074aacd9d9b8,38,NM_SAME_SIMPLE_NAME_AS_SUPERCLASS,1,,,,,
https://github.com/adobe/aem-core-wcm-components/pull/1444,bundles/core/src/main/java/com/adobe/cq/wcm/core/components/internal/models/v2/NavigationImpl.java,f7ecc524ce83b3061b0392a57f523c3601fa3751,37,NM_SAME_SIMPLE_NAME_AS_SUPERCLASS,1,,,,,
https://github.com/adobe/aem-core-wcm-components/pull/1443,bundles/core/src/main/java/com/adobe/cq/wcm/core/components/internal/models/v2/LanguageNavigationImpl.java,9630a2c7d89d1c8f600ba600c43489ecc09bcbbb,39,NM_SAME_SIMPLE_NAME_AS_SUPERCLASS,1,,,,,
https://github.com/adobe/aem-core-wcm-components/pull/1419,bundles/core/src/main/java/com/adobe/cq/wcm/core/components/internal/models/v3/TitleImpl.java,01e5c8601ba140efffb21e4c31a6e1c2d5e07c89,35,NM_SAME_SIMPLE_NAME_AS_SUPERCLASS,1,,,,,
https://github.com/adobe/aem-core-wcm-components/pull/1430,bundles/core/src/main/java/com/adobe/cq/wcm/core/components/internal/models/v2/PageListItemImpl.java,79ce1a49cb1aab10468b46eb139a13ebb70aa442,27,NM_SAME_SIMPLE_NAME_AS_SUPERCLASS,1,,,,,
https://github.com/ConsenSys/teku/pull/3722,eth-benchmark-tests/src/jmh/java/tech/pegasys/teku/benchmarks/util/CustomRunner.java,1fd6edf6fe96eaac32e8da823630e2420c7e5824,69,VA_FORMAT_STRING_USES_NEWLINE,2,,closed,,,
https://github.com/Mcc-3/PSD-II-Group-Project/pull/1,WelcomeWindow.java,cf26f766d583ef089f0ba684883174514f4cba68,96,ES_COMPARING_STRINGS_WITH_EQ,2,,closed,,,
https://github.com/Jothaka/capstone/pull/27,backend/src/main/java/de/jankahle/capstone/utility/ImageUtility.java,f95519647fa16d707163758c016237371481f5a3,14,NM_METHOD_NAMING_CONVENTION,2,,merged,,,
https://github.com/nus-cs2113-AY2021S2/tp/pull/12,src/main/java/seedu/duke/exceptions/patient/duplicateIDException.java,4e507be3d82db1727c47ca75dbffb76e5567a1ed,5,NM_CLASS_NAMING_CONVENTION,2,,closed,,,
https://github.com/hugegraph/hugegraph-common/pull/66,src/test/java/com/baidu/hugegraph/unit/util/UnitUtilTest.java,52fbe8cc4d0aa08ebf4ef15a7b93f630c6240b7f,370,CNT_ROUGH_CONSTANT_VALUE,2,,merged,,,
https://github.com/Antozzi/J2L1/pull/3,Main/src/ad/j2/hw1/teams/TeamMember.java,407d41dc9019f338645ed0e820d320937702d910,24,VA_FORMAT_STRING_USES_NEWLINE,2,"Thanks, I'll fix it asap!",fix,Accept and fix,,
https://github.com/EvilRockHuman/HomeWorkJava/pull/5,src/Task10/test.java,530d0e0b627e6996986f32fc8260e4605013f687,5,NM_CLASS_NAMING_CONVENTION,2,,closed,,,
https://github.com/cgeo/cgeo/pull/10085,main/src/cgeo/geocaching/downloader/DownloaderUtils.java,23dd4cdcbbe95d3f0042769364bc99c467d993dc,90,VA_FORMAT_STRING_USES_NEWLINE,2,"Thanks for pointing me to that info. Alas, it seems to not apply to Android apps and/or not in the context of dialogs: I've tried switching the string to using %n, but the placeholders get printed as literal %n in the dialog, so I reverted them to \n.",,Marked as fp,,
https://github.com/Khabutdinov-Arslan/smart-home-2021/pull/2,src/test/java/ru/sbt/mipt/oop/EventHandlersTest.java,52c46b84781b39bff62bbde7b38aac37c30c3d9c,19,NM_METHOD_NAMING_CONVENTION,2,,merged,,,
https://github.com/cbeust/testng/pull/2497,src/main/java/org/testng/Assert.java,0a9676b6f07ba274c7bfaad57d1dfc118e78f571,156,SA_SELF_COMPARISON,2,"Thanks @ellieMayVelasquez, but these rules don't have any sense in this very specific context ;)",,Marked as fp,SpotBugs Report,
https://github.com/NetherlandsForensicInstitute/cellscanner/pull/40,app/src/main/java/nl/nfi/cellscanner/UserDataUploadWorker.java,4353c535332780c57277688648be3aaf75d07a64,158,ES_COMPARING_STRINGS_WITH_EQ,2,,merged,,,
https://github.com/mishabartone/LessonOne/pull/16,src/main/java/HomeWork11/Main.java,b2b74d75c84dbb5804991988b4726affc76385a4,27,VA_FORMAT_STRING_USES_NEWLINE,2,,,,,
https://github.com/mishabartone/LessonOne/pull/16,src/main/java/HomeWork15/clients/firstEchoClient.java,b2b74d75c84dbb5804991988b4726affc76385a4,12,NM_CLASS_NAMING_CONVENTION,2,,,,,
https://github.com/mishabartone/LessonOne/pull/15,src/main/java/HomeWork11/Main.java,e1a79f2020fe91a4fede79424185b7afab6d26a5,27,VA_FORMAT_STRING_USES_NEWLINE,2,,,,,
https://github.com/mishabartone/LessonOne/pull/15,src/main/java/HomeWork15/clients/firstEchoClient.java,e1a79f2020fe91a4fede79424185b7afab6d26a5,12,NM_CLASS_NAMING_CONVENTION,2,,,,,
https://github.com/mishabartone/LessonOne/pull/13,src/main/java/HomeWork11/Main.java,9786e350d1e63e957eb3931b9694475028872ed0,27,VA_FORMAT_STRING_USES_NEWLINE,2,,,,,
https://github.com/Aditeya/NineMensMorris/pull/2,src/ninemensmorris/BoardComp.java,a5b94aa5710131c13909d52fde67993ffdfd7fa0,45,NM_METHOD_NAMING_CONVENTION,2,This is bad practice don't actually do this later but it's OK for now,,Accept and fix,,
https://github.com/rossco122005/FFJava/pull/1,src/main/java/com/mycompany/finalfantasyjava/Enemy.java,04079bd4f604f53aa2a604522138c63c237c55a6,49,DM_STRING_VOID_CTOR,2,Thanks for your comment. Creating the string object is how we are being taught at university. I believe this is to do with teaching us as much about Java as possible. I'm new to GitHub and this code is in the very early stages but I'll take on board what you've said about the empty string. It seems that is better practise.,,Accept,,
https://github.com/UnitedCraft/Jobs/pull/4,src/main/java/com/gamingmesh/jobs/config/ExploreManager.java,9df1810732ff9f752b4ba5f7612a48cdaba72d75,72,NM_METHOD_NAMING_CONVENTION,2,,closed,,,
https://github.com/gabrilyan88/Java_2/pull/16,lesson6/client_/src/main/java/client/History.java,149137e760a9d06ca2937686fdc50c72d85b522a,12,NM_METHOD_NAMING_CONVENTION,2,,404 Not Found,404 Not Found,,
https://github.com/crate/crate/pull/11149,server/src/test/java/io/crate/integrationtests/SnapshotRestoreIntegrationTest.java,bba5bcac0c054607b94c411d5980d50bda31c7c1,217,VA_FORMAT_STRING_USES_NEWLINE,2,This is testing code and the use of \n instead of %n is okay here. The results are never actually printed out or written to a file or anything.,,Not interested,,
https://github.com/twobeeb/kafka-namespaces-service/pull/2,src/test/java/com/michelin/ns4kafka/controllers/TopicControllerTest.java,27a020417d13965c00777d2a88713e829273ef8b,117,NM_METHOD_NAMING_CONVENTION,2,,,,,
https://github.com/Batkaev/Java/pull/1,src/GeekLesson/src/GeekLesson/Name.java,c8090d57b32793d72abc2ea1e4371a04cc624a37,8,NM_METHOD_NAMING_CONVENTION,2,,,,,
https://github.com/Batkaev/Java/pull/3,src/GeekLesson/src/GeekLesson/Name.java,5e68dcd6c54c167caf528c1922dfb58022cdbfeb,8,NM_METHOD_NAMING_CONVENTION,2,,,,,
https://github.com/Batkaev/Java/pull/2,src/GeekLesson/src/GeekLesson/Name.java,ec6637c2d5bfd8855475b68c48a1975f352cb387,8,NM_METHOD_NAMING_CONVENTION,2,,,,,
https://github.com/amida-tech/saraswati-editofhir-converter/pull/3,src/main/java/com/amida/saraswati/edifhir/controller/X12EDIController.java,1db452e78291a667f1ef3231caeb7fffc9889457,168,VA_FORMAT_STRING_USES_NEWLINE,2,,merged,,,
https://github.com/TestingResearchIllinois/maven-surefire/pull/2,surefire-api/src/main/java/org/apache/maven/surefire/api/util/DefaultRunOrderCalculator.java,f29212d73f56aacf72a96bae29f7bd99f7eee478,269,ES_COMPARING_STRINGS_WITH_EQ,2,,,,,
https://github.com/AY2021S2-CS2103T-W15-3/tp/pull/29,src/test/java/seedu/address/logic/commands/RemarkCommandTest.java,b9d48aed94d1aafec90485702c461baa99f6c14a,123,EC_NULL_ARG,2,,,,,
https://github.com/AY2021S2-CS2103T-W15-3/tp/pull/29,src/test/java/seedu/address/logic/commands/RemarkCommandTest.java,b9d48aed94d1aafec90485702c461baa99f6c14a,120,SA_SELF_COMPARISON,2,,,,,
https://github.com/AY2021S2-CS2103T-W15-3/tp/pull/24,src/test/java/seedu/address/logic/commands/RemarkCommandTest.java,f1efce13a5669db65caf7d323c04b2dfca2508e9,122,EC_NULL_ARG,2,,,,,
https://github.com/AY2021S2-CS2103T-W15-3/tp/pull/24,src/test/java/seedu/address/logic/commands/RemarkCommandTest.java,f1efce13a5669db65caf7d323c04b2dfca2508e9,119,SA_SELF_COMPARISON,2,,,,,
https://github.com/AY2021S2-CS2103T-W15-3/tp/pull/25,src/test/java/seedu/address/logic/commands/RemarkCommandTest.java,8bf4b69250abab6596d8286fb41bfd163424e92e,122,EC_NULL_ARG,2,,,,,
https://github.com/AY2021S2-CS2103T-W15-3/tp/pull/25,src/test/java/seedu/address/logic/commands/RemarkCommandTest.java,8bf4b69250abab6596d8286fb41bfd163424e92e,119,SA_SELF_COMPARISON,2,,,,,
https://github.com/PryPurity/WorldBorder/pull/30,src/main/java/com/wimbli/WorldBorder/Config.java,26f970611dc71bd52082abbfee6dd2190c6a49b5,352,NM_METHOD_NAMING_CONVENTION,2,"You're totally right and it kinda hurts to do it like this. Due to the fact that the entire file follows this odd ""convention"", that the getter does not have a ""get"" prepended and starts uppercase, I've also did this.",,Accept,,
https://github.com/AY2021S2-CS2103T-W15-4/tp/pull/33,src/test/java/seedu/address/logic/commands/EditCommandTest.java,dcc6c22771942eced6c62381f39e2e643eef4710,254,EC_NULL_ARG,2,,closed,,,
https://github.com/AY2021S2-CS2103T-W15-4/tp/pull/33,src/test/java/seedu/address/logic/commands/EditCommandTest.java,dcc6c22771942eced6c62381f39e2e643eef4710,251,SA_SELF_COMPARISON,2,,closed,,,
https://github.com/salyan4u/hw2/pull/3,src/main/java/common/Cart.java,c3c02c102e625e15143e1803b08e0a7b2c709331,32,VA_FORMAT_STRING_USES_NEWLINE,2,thanks for advice!,,Accept,,
https://github.com/SkyL0ver/Novel-Grabber/pull/1,src/main/java/bots/Telegram.java,a7061638ceaf4c8ccd96f6f449a2b2722c731b50,304,VA_FORMAT_STRING_USES_NEWLINE,2,,,,,
https://github.com/lr131/java-level-2/pull/6,client/src/main/java/User.java,2bee36e4615a95796c2ad6d55afb6d6c05bdb7d3,22,SA_SELF_COMPARISON,2,,,,,
https://github.com/awesome66613/Note/pull/1,app/src/main/java/com/example/note/NoteListFragment.java,3fa5e41d1f70c1ccf6192afec8db4f9f6e16d6f0,134,NM_METHOD_NAMING_CONVENTION,2,,closed,,,
https://github.com/AY2021S2-CS2103-T14-3/tp/pull/6,src/test/java/seedu/address/logic/commands/RemarkCommandTest.java,a889c941f0992f0d1e1d9809c08b39f77c877934,122,EC_NULL_ARG,2,,,,,
https://github.com/AY2021S2-CS2103-T14-3/tp/pull/6,src/test/java/seedu/address/logic/commands/RemarkCommandTest.java,a889c941f0992f0d1e1d9809c08b39f77c877934,119,SA_SELF_COMPARISON,2,,,,,
https://github.com/esa/nmf-mission-ops-sat/pull/25,platform-service-impl/src/main/java/esa/mo/platform/impl/provider/opssat/CameraOPSSATAdapter.java,8263a3d3ba4af301448545d9b08200918e064093,135,VA_FORMAT_STRING_USES_NEWLINE,2,Agree,,Accept,,
https://github.com/KorEugene/NetworkChat/pull/2,ChatClient/src/main/java/ru/online/controllers/MainSceneController.java,ad4e41765a355ab3fd97c4ccad210b2c8cef1dbb,118,VA_FORMAT_STRING_USES_NEWLINE,2,"Thanks, I'll take that into account",,Accept and fix,,
https://github.com/spring-projects-experimental/spring-native/pull/636,spring-aot/src/main/java/org/springframework/nativex/type/TypeSystem.java,17a73ff910d547f0515d844564e86ef11922530b,323,NM_METHOD_NAMING_CONVENTION,2,,closed,,,
https://github.com/RuslanDziub/java_core_basics/pull/6,src/com/company/core/lab/hw.java,e448510a610905bac8a203482e6940dcee5f7bc8,7,NM_CLASS_NAMING_CONVENTION,2,,merged,,,
https://github.com/genexuslabs/JavaClasses/pull/349,common/src/main/java/com/genexus/SdtMessages_Message.java,b5f7be3471569d853623c0a3950750a0a83c22e8,204,NM_METHOD_NAMING_CONVENTION,2,,,,,
https://github.com/titusmoldovan/java-training/pull/60,Project_2/src/main/java/clean/code/chess/requirements/ChessBoard.java,9c0748664112eb0599984f2c3acc1944533d161e,15,NM_METHOD_NAMING_CONVENTION,2,,,,,
https://github.com/titusmoldovan/java-training/pull/65,clean_code_projects/_1_project_requirements_chess/src/main/java/clean/code/chess/requirements/ChessBoard.java,f0a24dc030071aa5ae94e31a1b5abf803b606e6b,57,NM_METHOD_NAMING_CONVENTION,2,,,,,
https://github.com/titusmoldovan/java-training/pull/62,clean_code_projects/_1_project_requirements_chess/src/main/java/clean/code/chess/requirements/ChessBoard.java,10806a00d88f3ef15e74310324d38d749594e3fb,15,NM_METHOD_NAMING_CONVENTION,2,,,,,
https://github.com/titusmoldovan/java-training/pull/54,_1_basics/src/main/java/code/_4_student_effort/Challenge1/fizzbuzz.java,0ad244bac38231ab7c79bc0f39e26b80abcc3df9,3,NM_CLASS_NAMING_CONVENTION,2,,,,,
https://github.com/titusmoldovan/java-training/pull/54,_3_design_patterns/src/main/java/code/_4_student_effort/Challenge1/ArrayCustomIterator.java,0ad244bac38231ab7c79bc0f39e26b80abcc3df9,7,NM_METHOD_NAMING_CONVENTION,3,,,,,
https://github.com/titusmoldovan/java-training/pull/53,clean_code_projects/_1_project_requirements_chess/src/main/java/clean/code/chess/requirements/ChessBoard.java,22401f6e7a25d53c5fe18ca6cb5235fada32129a,14,NM_METHOD_NAMING_CONVENTION,2,,,,,
https://github.com/Suniii333/BilibiliTask/pull/1,src/test/java/top/srcrs/util/SendTest.java,74b513c770fd54d7e64b75a64c1a28e1407bfe9e,35,NM_METHOD_NAMING_CONVENTION,3,,,,,
https://github.com/Alexander38-cmd/HW_to_GitHub/pull/1,src/HW/Main.java,b0e23044ea26c5630c009904e58d986b0d9a37b0,155,VA_FORMAT_STRING_USES_NEWLINE,2,,,,,
https://github.com/Alexander38-cmd/HW_to_GitHub/pull/2,src/HW/Main.java,b70987855194fd4895694eba570d1f415973d569,162,VA_FORMAT_STRING_USES_NEWLINE,2,,,,,
https://github.com/aholmberg/cassandra/pull/44,test/unit/org/apache/cassandra/gms/GossiperTest.java,209b71061ebced447c55ece2726407f1df0cde03,88,SA_SELF_COMPARISON,2,,,,,
https://github.com/EvgeniiPetrov187/Geek-University-Java/pull/18,FirstApp.java,f15d606f64f3e8b31a08e982d665e6672147062c,32,NM_METHOD_NAMING_CONVENTION,2,,,,,
https://github.com/EvgeniiPetrov187/Geek-University-Java/pull/21,FirstApp.java,5f7c0b0657329961f09f3bb2ecb5d95e23ffca02,32,NM_METHOD_NAMING_CONVENTION,2,,,,,
https://github.com/EvgeniiPetrov187/Geek-University-Java/pull/23,FirstApp.java,c9920a2325a41ecfa04cb63570f884692bd22b0e,32,NM_METHOD_NAMING_CONVENTION,2,,,,,
https://github.com/EvgeniiPetrov187/Geek-University-Java/pull/22,FirstApp.java,5f7c0b0657329961f09f3bb2ecb5d95e23ffca02,32,NM_METHOD_NAMING_CONVENTION,2,,,,,
https://github.com/Zipcoder/Maven.Casino/pull/24,src/main/java/io/zipcoder/casino/Casino.java,789ed37f15a2f4a0927c620b61551caf6b33c399,78,ES_COMPARING_STRINGS_WITH_EQ,2,,,,,
https://github.com/Zipcoder/Maven.Casino/pull/24,src/main/java/io/zipcoder/casino/GoFish.java,789ed37f15a2f4a0927c620b61551caf6b33c399,82,RV_01_TO_INT,1,,,,,
https://github.com/Zipcoder/Maven.Casino/pull/24,src/test/java/io/zipcoder/casino/GoFishTest.java,789ed37f15a2f4a0927c620b61551caf6b33c399,132,NM_METHOD_NAMING_CONVENTION,2,,,,,
https://github.com/Zipcoder/Maven.Casino/pull/25,src/test/java/io/zipcoder/casino/PlayerTest.java,e3f50ceb71da4536ee64687c080f4516ddfc57f7,11,NM_METHOD_NAMING_CONVENTION,2,,,,,
https://github.com/Zipcoder/QuizZero.Maven/pull/2,QuizZero.Maven/src/main/java/QuizZero.java,0ea974bbb460fcc3134b566a498ea35d4f62e139,14,SA_SELF_COMPUTATION,2,,,,,
https://github.com/Zipcoder/QuizZero.Maven/pull/2,QuizZero.Maven/src/main/java/QuizZero.java,0ea974bbb460fcc3134b566a498ea35d4f62e139,19,NM_METHOD_NAMING_CONVENTION,2,,,,,
https://github.com/Zipcoder/BlueJ.AliceAndBob/pull/31,AliceAndBobEngine.java,198474e89adbcbcbb6bd44e7bd17171242393a9d,22,ES_COMPARING_STRINGS_WITH_EQ,2,,,,,
https://github.com/Zipcoder/ScientificCalculator.Maven/pull/99,src/test/java/com/zipcodewilmington/scientific_calculator/TestMainApplication.java,239a1dfa76f1a5b5f93488a91f49cc04e9a56953,119,CNT_ROUGH_CONSTANT_VALUE,2,,,,,
https://github.com/opennms-forge/catheter/pull/1,src/main/java/org/opennms/nephron/catheter/Simulation.java,02e448f6565b6ce21a39dd7f6e410f823044335d,200,DMI_RANDOM_USED_ONLY_ONCE,1,,merged,,,
https://github.com/byacco/Str20210225/pull/6,Lesson4/staff.java,3328a0ef5685b379578070e6864beac3322682a3,3,NM_CLASS_NAMING_CONVENTION,2,,,,,
https://github.com/ntgiang3733/DP.20202.05/pull/7,src/main/java/utils/ApplicationProgrammingInterface.java,2eca0884d5b0163084b57b0e47c6f54f45afff8f,24,STCAL_STATIC_SIMPLE_DATE_FORMAT_INSTANCE,2,,merged,,,
https://github.com/IsaRGavilan/actividad4/pull/1,actividad4/src/actividad4/hola.java,702325188514efa0171f07bcde328728c73c104a,3,NM_CLASS_NAMING_CONVENTION,2,,,,,
https://github.com/RonniGabriel/MetodosJava/pull/1,src/metodos.java,415ef1c7c78b55fd1326006430572edd67f92eaf,5,NM_CLASS_NAMING_CONVENTION,2,,,,,
https://github.com/Catrobat/Catroid/pull/4000,catroid/src/main/java/org/catrobat/catroid/common/RecentBricksHolder.java,30937f7d9b96ba26e2cbf4f4f8305b153f69cb04,45,EQ_COMPARING_CLASS_NAMES,2,Noted! thanks @lyndseyBeil :),,Accept,,
https://github.com/NergzMohammed/NAVFORT_V1/pull/4,src/test/java/com/navfort/stepdefinitions/VehicleStepDefs.java,b20f2b361e531300b03973a45cdae8d72c4d0ada,126,ES_COMPARING_STRINGS_WITH_EQ,2,,closed,,,
https://github.com/simpleprahalad/FoodOrderingApp-Backend/pull/35,FoodOrderingApp-service/src/main/java/com/upgrad/FoodOrderingApp/service/businness/RestaurantService.java,c3f81ecefe912f9fac96e30e6b3a0a3426e7b68c,42,ES_COMPARING_STRINGS_WITH_EQ,2,,merged,,,
https://github.com/hiepvu0201/inn-management/pull/1,src/main/java/com/thesis/innmanagement/controllers/ContractController.java,75a7e63c3f3ada59e303812a55449dbbebb04fc3,35,NM_METHOD_NAMING_CONVENTION,2,"Thank you for your reviews, I will modify all base on Java conventions. Also, I am highly appreciated your help but this is my thesis so I will set it privately then. This is not because of fearing that you or others will point out my mistakes, which is the demand of thesis scope. Thank you and best wishes for you!",fix,Accept and fix,,
https://github.com/Vladimir-Runov/JII_Chat/pull/6,Server/src/main/java/ClientHandler.java,657837ead2f0323e92163fa8dd19ff3d67fef0e8,139,NM_METHOD_NAMING_CONVENTION,2,,404 Not Found,404 Not Found,,
https://github.com/DrManhatta/runelite/pull/2,cache/src/main/java/net/runelite/cache/fs/flat/FlatStorage.java,05ae0b769c55aa3e22ce1815acac36810497686e,220,VA_FORMAT_STRING_USES_NEWLINE,3,,,,,
https://github.com/qiniu/java-sdk/pull/508,src/main/java/com/qiniu/storage/ResumeUploadPerformer.java,80d5dbdd4f688d42c6032e15b77629e3edd1d5ad,63,VA_FORMAT_STRING_USES_NEWLINE,2,,closed,,,
https://github.com/qiniu/java-sdk/pull/507,src/main/java/com/qiniu/storage/ResumeUploadPerformer.java,0a1086612aa530013a5bef8cf993f9f92a73da8a,63,VA_FORMAT_STRING_USES_NEWLINE,2,@YangSen-qn æ˜¯çš„ï¼ŒJava é‡Œéœ€è¦ä½¿ç”¨ %n æ›¿ä»£ \n,,Accept,,
https://github.com/njakimov/Calculate/pull/3,app/src/main/java/com/calculate/CalcActivity.java,f3c30e0795e82117731caf024185b2fa68264ce2,408,ES_COMPARING_STRINGS_WITH_EQ,2,,,,,
https://github.com/AY2021S2-CS2103T-T11-2/tp/pull/137,src/test/java/seedu/address/ui/CompletableDeadlineCardTest.java,19f0513aeee9d64608621eb1b780cb2cdf86714d,54,EC_NULL_ARG,2,,resolved but not reply,Marked as resolved but did not reply,,
https://github.com/AY2021S2-CS2103T-T11-2/tp/pull/137,src/test/java/seedu/address/ui/CompletableDeadlineCardTest.java,19f0513aeee9d64608621eb1b780cb2cdf86714d,51,SA_SELF_COMPARISON,2,,resolved but not reply,Marked as resolved but did not reply,,
https://github.com/rexlNico/RealTimePlugin/pull/1,src/main/java/de/rexlnico/realtimeplugin/util/Utils.java,bcac6b1e11b1b1b40e9e0c1350259d9f832e94df,63,DMI_RANDOM_USED_ONLY_ONCE,1,You are absolutely right. But in fact this method is not even used ðŸ˜‚ I just placed it there to preserve it (it was previously in the WeatherWorld class). But I'll change that.,fix,Accept and fix,,
https://github.com/AY2021S2-CS2103T-T13-1/tp/pull/31,src/test/java/seedu/address/logic/commands/RemarkCommandTest.java,99f0b8b2401195bdd9775f0c5d6e7a2ebbdc5e93,123,EC_NULL_ARG,2,,,,,
https://github.com/AY2021S2-CS2103T-T13-1/tp/pull/31,src/test/java/seedu/address/logic/commands/RemarkCommandTest.java,99f0b8b2401195bdd9775f0c5d6e7a2ebbdc5e93,120,SA_SELF_COMPARISON,2,,,,,
https://github.com/RubenDebeer/Project381/pull/3,Delicious Catering/Business Logic Layer/Adult_Menu_Cost.java,b66eeb336d06912d522357f8259770ceca9e9880,4,NM_METHOD_NAMING_CONVENTION,2,,,,,
https://github.com/SergTaranenko/CalculatorSerg/pull/3,app/src/main/java/com/example/calculaterserg/MainActivity.java,00856f354f4c3cb8f464318a64cc66ebe36da1b6,85,ES_COMPARING_STRINGS_WITH_EQ,2,,,,,
https://github.com/ArturSidelnikovs/TMS_110121/pull/4,Lesson11/src/Tasks/task2/Payment.java,88dca1a1bcc6068c1e9f0e845c99659a7563102a,22,NM_METHOD_NAMING_CONVENTION,3,,,,,
https://github.com/ArturSidelnikovs/TMS_110121/pull/3,Lesson9/src/tasks/AbstractsClasessTask30/Air/Civil.java,d93afdf358d3f867956f83bc7053f353f96dcedb,32,NM_METHOD_NAMING_CONVENTION,2,,,,,
https://github.com/ArturSidelnikovs/TMS_110121/pull/3,Lesson9/src/tasks/AbstractsClasessTask30/Air/Military.java,d93afdf358d3f867956f83bc7053f353f96dcedb,51,QBA_QUESTIONABLE_BOOLEAN_ASSIGNMENT,1,,,,,
https://github.com/ArturSidelnikovs/TMS_110121/pull/2,Lesson8/src/TasksForLessons8/Task22.java,ad1dd52846e51fc397a602d1e9e1a8912f80de32,16,DM_STRING_CTOR,2,,,,,
https://github.com/ArturSidelnikovs/TMS_110121/pull/5,Lesson12/src/Tasks/task2/Runner.java,9f8079f64b1c537523b41885e76465e2b46117ab,13,NM_METHOD_NAMING_CONVENTION,2,,,,,
https://github.com/ZhuravlevDmitry/Home-work/pull/2,src/main/java/hw1.java,dcf48f07cc472304cae7262ba239ff65f0b0c254,6,NM_CLASS_NAMING_CONVENTION,2,thumb emoji,,Accept,,
https://github.com/jpos/jPOS/pull/402,jpos/src/main/java/org/jpos/security/jceadapter/JCESecurityModule.java,fb15266e97006816cc74c373ec3111e9cc96e8d3,1826,ES_COMPARING_STRINGS_WITH_EQ,2,"Fixed, I seem to miss that quirk fairly often since most other languages have == operators that work differently.",fix,Accept and fix,,
https://github.com/Nakamura0527/RaiseTech/pull/2,kadai2/kadai1.java,89c97b4b4ec0be9b821bff1f684d1c72ac71ef74,3,NM_CLASS_NAMING_CONVENTION,2,,,,,
https://github.com/Takha65/gestion-stockv2/pull/1,src/gestionstock_gt/Accueil.java,8be852f475d94435888f5bf046e33edec184412c,1355,ES_COMPARING_STRINGS_WITH_EQ,2,,merged,,,
https://github.com/Meldexun/EntityCulling-Fabric/pull/1,src/main/java/dev/tr7zw/entityculling/occlusionculling/OcclusionCullingInstance.java,2e46fa7ba2b3a7fa0f4d616a6c5988f8ec21bf71,304,BSHIFT_WRONG_ADD_PRIORITY,3,,,,,
https://github.com/SirKSteen/MicroStar_CableVision_Project/pull/4,src/models/responces.java,83bf4693f1c64802d357ae85eef8425f44742690,29,NM_CLASS_NAMING_CONVENTION,2,,merged,,,
https://github.com/OverlakeRobotics/Nocturnal-2020-Ultimate-Goal/pull/9,TeamCode/src/main/java/org/firstinspires/ftc/teamcode/tests/JUnitTests.java,377110340bb0cac914be7aef0f1a62df71c4a76a,47,QBA_QUESTIONABLE_BOOLEAN_ASSIGNMENT,1,,merged,,,
https://github.com/artembirmin/Venue/pull/1,app/src/androidTest/java/ru/artembirmin/venue/auth/InputEmailActivityTest.java,7f86af914ea1f6eb918c91e1f451c42d1782d641,231,NM_METHOD_NAMING_CONVENTION,2,Tooting. I forgot to fix this here. Thank you,,Accept and fix,,
https://github.com/vvvvvvvvvvvvvvvvvvvvvvvvv/IntrodactionToAdnroid/pull/8,app/src/main/java/com/example/introdactiontoadnroid/adapter/Adapter.java,ef3ee7031ab532bcb88dbfc4766bc2fec7f090f3,16,NM_SAME_SIMPLE_NAME_AS_SUPERCLASS,1,Thanks for advice! I will consider.,,Accept and fix,,
https://github.com/belorusochkayul/Jakovenko_JAVA/pull/30,java_/main.java,6e04b87ac38ca0230388320fe8674a75cd71d7af,4,NM_CLASS_NAMING_CONVENTION,2,,,,,
https://github.com/rsksmart/rskj/pull/1471,rskj-core/src/test/java/co/rsk/peg/FederationTest.java,1691b2da6019f834afef301bf944ef7f9be7675c,172,SA_SELF_COMPARISON,2,,merged,,,
https://github.com/mto-2021-pn/lab2_1/pull/7,src/test/java/edu/iis/mto/bsearch/BinarySearchTest.java,6d91d058aec1add052bd79119f50a76a65dba158,87,NM_METHOD_NAMING_CONVENTION,2,,merged,,,
https://github.com/mto-2021-pn/lab2_1/pull/6,src/test/java/edu/iis/mto/bsearch/BinarySearchTest.java,7350f5dea3bd2c1ff1e5a9787c1c33e945260696,66,NM_METHOD_NAMING_CONVENTION,2,,merged,,,
https://github.com/jmprathab/MyHome/pull/258,service/src/test/java/com/myhome/services/unit/AmenityBookingSDJpaServiceTest.java,651b44d38eef5dd469f222686c5ce8aaf3e4b2ef,89,NM_METHOD_NAMING_CONVENTION,3,no replay but fix,,Accept and fix,,
https://github.com/Interes-Group/zadanie-1-monopoly-lite-xsramekm1/pull/1,src/main/java/sk/stuba/fei/uim/oop/monopoly/Game.java,6974ce7872790b0b34aa2c6ef4a49824596cbeb7,74,ES_COMPARING_STRINGS_WITH_EQ,2,,,,,
https://github.com/DmitryTarakanov2000/hm5/pull/1,Main.java,b78b9b967f0baddb0536b8d4172fcfcb6fd74c80,8,NM_METHOD_NAMING_CONVENTION,2,,,,,
https://github.com/tu4nh/LyTuanAnh/pull/1,Sanpham.java,7e751290d40725a5e46750d8eb1dabab7ec71f6e,18,NM_METHOD_NAMING_CONVENTION,3,,,,,
https://github.com/tu4nh/LyTuanAnh/pull/1,bai2(10.3).java,7e751290d40725a5e46750d8eb1dabab7ec71f6e,2,NM_CLASS_NAMING_CONVENTION,2,,,,,
https://github.com/LighterEugene/GB/pull/6,untitled/src/closeActionListener.java,1b4176ef2a21072de3a4ab6d5a038741c589ed1e,4,NM_CLASS_NAMING_CONVENTION,2,,,,,
https://github.com/JabRef/jabref/pull/7542,src/test/java/org/jabref/logic/integrity/CitationKeyCheckerTest.java,d29cfea036a6a39f1e8ee30c8aaf21cdf31d653b,28,NM_METHOD_NAMING_CONVENTION,3,Thanks for the feedback! Changed it in commit 93ab8a4,fix,Accept and fix,,
https://github.com/JabRef/jabref/pull/7543,src/test/java/org/jabref/logic/journals/AbbreviationTest.java,4ea42edc2acdd8e3ddd09924a642646b4eadb428,116,SA_SELF_COMPARISON,2,"Thanks for the feedback! This test originally was meant to cover the branch in the implementation of the equals method, where it returns true for being compared to itself. But seeing your linked references, I agree that it makes more sense to leave it out - I have adjusted the test now.",fix,Accept and fix,,
https://github.com/MovingBlocks/gestalt/pull/87,gestalt-di/src/main/java/org/terasology/gestalt/di/BeanEnvironment.java,65ece5925ab6bcddb0ee314b64012efa1e2a8eea,111,SA_SELF_COMPARISON,2,input[endpoint].prefix and prefix are different variables,"delete, has been fixed",,,
https://github.com/TagoSMD/PrototipoP31P2021/pull/4,PrototipoP31P2021/src/vista/MantenimientoAlumnos.java,41e2f133496b94175df6c09d5d2edd76cd168c30,434,NM_METHOD_NAMING_CONVENTION,3,,,,,
https://github.com/yageek/lambert-java/pull/7,src/test/java/net/yageek/lambert/LambertTest.java,a289bdd4dda318623c5f44dd956bd09281735d08,52,NM_METHOD_NAMING_CONVENTION,2,"Hello I left the test method names exactly like they were in the initial repo.Yes, this is bad practice, but fixing this was not part of my reasons for this pull request.Thank you.",,Accept,,
https://github.com/SpilledCofee/DataBase/pull/98,Password.java,96316e53ae904577c5ff947d4c2ef8288453e44f,73,QBA_QUESTIONABLE_BOOLEAN_ASSIGNMENT,1,,,,,
https://github.com/joeyabou/commons-lang/pull/1,src/main/java/org/apache/commons/lang3/BooleanUtils.java,69c9593cc1da760bb4dbcf32f4ae755c54376b77,449,RC_REF_COMPARISON_BAD_PRACTICE_BOOLEAN,2,no replay but fix,,Accept and fix,,
https://github.com/UCSC-Group-Project-2020/HRMS-Project/pull/9,src/main/java/hash/hashBean.java,f85bafc9a4f4e429fd983447addb4d5d249b3552,3,NM_CLASS_NAMING_CONVENTION,2,,,,,
https://github.com/lucile98-ode/GPI-L2BHA-FENOUIL/pull/18,ArticleMAJ.java,0ee06c46ace2215435b975cf7ea9268e2cbc6152,71,ES_COMPARING_STRINGS_WITH_EQ,2,,404 Not Found,404 Not Found,,
https://github.com/lucile98-ode/GPI-L2BHA-FENOUIL/pull/18,InterfaceGraphique.java,0ee06c46ace2215435b975cf7ea9268e2cbc6152,263,NM_METHOD_NAMING_CONVENTION,2,,404 Not Found,404 Not Found,,
https://github.com/clean-code-craft-tcq-1/function-ext-java-chaitrarkanchan/pull/1,vitals/BatteryFactorAccumulator.java,140aeef4e965282f0de840e6082be1f32ad01b12,25,ES_COMPARING_STRINGS_WITH_EQ,2,,delete,,,
https://github.com/clean-code-craft-tcq-1/function-ext-java-chaitrarkanchan/pull/1,vitals/BatteryFactorValidator.java,140aeef4e965282f0de840e6082be1f32ad01b12,4,NM_METHOD_NAMING_CONVENTION,2,no replay but fix,,Accept and fix,,
https://github.com/clean-code-craft-tcq-1/function-ext-java-ARULPRIYAM30/pull/1,vitals/BatteryCheck.java,e5a9f31cf4a76af5858166936108770a79af2fed,13,NM_METHOD_NAMING_CONVENTION,2,no replay but fix,,Accept and fix,,
https://github.com/clean-code-craft-tcq-1/function-ext-java-rashika057/pull/1,vitals/InternationalizedText.java,0f4f26e182c4e2d7bbafbe626e6204dbe9d4d101,17,DM_STRING_CTOR,2,no replay but fix,,Accept and fix,,
https://github.com/clean-code-craft-tcq-1/functional-java-PavithraMuralidharan/pull/1,vitals/chargeRate.java,efa5f124e7ae9ed8191a637399ac73d44a599701,3,NM_CLASS_NAMING_CONVENTION,2,,,,,
https://github.com/MoreiraGabriel/avaliacao/pull/1,src/test/java/br/com/compasso/avaliacao/service/CidadeServiceTest.java,c29a6bbd84f5c689085b20a97de5a68368de8984,44,NM_METHOD_NAMING_CONVENTION,2,,closed,,,
https://github.com/jenkinsci/workflow-cps-plugin/pull/422,src/test/java/org/jenkinsci/plugins/workflow/cps/CpsBodyExecutionTest.java,19c913d80916126d7dbc556f4e290a9e065ea0f7,304,NM_METHOD_NAMING_CONVENTION,3,"This is a constructor, not a regular method.",fp,Marked as fp,,
https://github.com/jenkinsci/urltrigger-plugin/pull/38,src/main/java/org/jenkinsci/plugins/urltrigger/URLTriggerCause.java,8a190b50327f8353b46d59cdd31fd145c8f64241,14,NM_METHOD_NAMING_CONVENTION,2,thanks @ellieMayVelasquez! I resolved your comment.,,Accept and fix,,
https://github.com/jenkinsci/aws-secrets-manager-credentials-provider-plugin/pull/87,src/test/java/io/jenkins/plugins/credentials/secretsmanager/GithubAppCredentialsIT.java,234d9845390aafabdcb383c13724e0f668da77bb,42,NM_METHOD_NAMING_CONVENTION,2,I mocked the getPassword method to run the test. I couldn't find anything that already exists for Github Api though.,,Accept,,
https://github.com/Zaytsev-Andrey/java_3_hw_02032021/pull/1,src/hw1/Main.java,5e56b88c7bbcca06244d9efdae8283fcf33cd069,17,VA_FORMAT_STRING_USES_NEWLINE,2,,,,,
https://github.com/Zaytsev-Andrey/java_3_hw_02032021/pull/1,src/hw1/boxes/boxApp.java,5e56b88c7bbcca06244d9efdae8283fcf33cd069,3,NM_CLASS_NAMING_CONVENTION,2,,,,,
https://github.com/Quiksilver1/HomeWork1/pull/17,src/ru/geekbrains/HomeWork/Java2/Lesson1/Interface/Treadmill.java,173fe67ff6190cdf2575753d951e846fc6d3cf45,9,NM_METHOD_NAMING_CONVENTION,3,,,,,
https://github.com/Quiksilver1/HomeWork1/pull/17,src/ru/geekbrains/HomeWork/Java2/Lesson3/Contact.java,173fe67ff6190cdf2575753d951e846fc6d3cf45,13,VA_FORMAT_STRING_USES_NEWLINE,2,,,,,
https://github.com/meta-abhishek-dawer/GETA2021-Core/pull/3,GET 2021/src/SoftwareSpecification/Area.java,b495cc2ea9f1364ee8e09b4ce2fe3f7827dc8a69,41,CNT_ROUGH_CONSTANT_VALUE,2,,,,,
https://github.com/meta-abhishek-dawer/GETA2021-Core/pull/13,GET 2021/src/GraphicsLibrary/Circle.java,1d73613c29d9f1a746b90a2f4f407c02b5edb4e4,37,CNT_ROUGH_CONSTANT_VALUE,2,,delete,Not interested,,
https://github.com/Nik-Shalashov/My_cool_notes/pull/5,app/src/main/java/ru/android1/mycoolnotes/adapter/NotesAdapter.java,430d5322d98717b314fd988734bd5142dc425c2a,53,NM_METHOD_NAMING_CONVENTION,2,"Thanks for your revie, I renamed this method after your comment)",fix,Accept,,
https://github.com/Nik-Shalashov/My_cool_notes/pull/5,app/src/main/java/ru/android1/mycoolnotes/adapter/ViewHolder.java,430d5322d98717b314fd988734bd5142dc425c2a,12,NM_SAME_SIMPLE_NAME_AS_SUPERCLASS,1,"Thanks for your revie, I renamed this class. Very helpfull article)",fix,Accept and fix,,
https://github.com/jboss-logging/slf4j-jboss-logmanager/pull/12,src/main/java/org/slf4j/impl/Slf4jLogger.java,2391fc2c96d39dce086f6d7310e1bfae24bf5762,553,SE_READ_RESOLVE_MUST_RETURN_OBJECT,2,"good catch, thank you!",fix,Accept and fix,,
https://github.com/shamileldarov/java001-feb/pull/7,src/HW5.java,5f053b099dfe6ec0bd57879ceea815a14c1c83bb,21,VA_FORMAT_STRING_USES_NEWLINE,2,,,,,
https://github.com/shamileldarov/java001-feb/pull/8,src/HW5.java,b96cd3bd6bc77cdfb416cbd23420060ae20d9204,21,VA_FORMAT_STRING_USES_NEWLINE,2,,,,,
https://github.com/chestateerobotics/First-Tech-Challenge-Robot-Code/pull/4,TeamCode/DistanceSensorAutonomous.java,b85fea8c3cfb40f2d1c8c895c83b1149386c2e7e,128,NM_METHOD_NAMING_CONVENTION,3,I appreciate you taking the time to help a new programmer learn the standard conventions for Java,,Accept,,
https://github.com/JacobStocklass/java-bigquerystorage/pull/3,google-cloud-bigquerystorage/src/test/java/com/google/cloud/bigquery/storage/v1beta2/st/ITBigQueryStorageLongRunningWriteTest.java,443304b2af634de35f3ddf9ea12722cc5f7cf604,81,NM_METHOD_NAMING_CONVENTION,3,,closed,,,
https://github.com/projectnessie/nessie/pull/938,versioned/tiered/dynamodb/src/main/java/org/projectnessie/versioned/dynamodb/DynamoStore.java,d6ab6b438b9d422a5d0762f0f7c983753a72817e,251,VA_FORMAT_STRING_USES_NEWLINE,2,,,Marked as resolved but did not reply,,
https://github.com/WSU-4110/GymBuddy/pull/25,src/database/login.java,fc8aa4b793f540ac2f769a1e51f1772c60f7d731,7,NM_CLASS_NAMING_CONVENTION,2,,merged,,,
https://github.com/WSU-4110/GymBuddy/pull/25,src/user.java,fc8aa4b793f540ac2f769a1e51f1772c60f7d731,124,ES_COMPARING_STRINGS_WITH_EQ,2,,merged,,,
https://github.com/confluentinc/kafka-tutorials/pull/741,_includes/tutorials/error-handling/kstreams/code/src/main/java/io/confluent/developer/StreamsUncaughtExceptionHandling.java,00a95730609a35e5ec37a40b25c73385a551e263,149,VA_FORMAT_STRING_USES_NEWLINE,2,"@rubieHess good catch, I've fixed this.",,Accept and fix,,
https://github.com/Ricardo-Alcantara/sistema-bancario/pull/1,src/br/com/zup/conta/Conta.java,501643e1482e910bbfaae127d73cdb6df0c79ec1,88,SA_SELF_COMPARISON,2,"You're right, we did not detect this error.",,Accept,,
https://github.com/SubNato/TOC-Project/pull/2,Project Program/TOC Project/src/com/car/Car.java,8c5b3790128459025171ef4931224442b8342569,194,NM_METHOD_NAMING_CONVENTION,2,Thank you for the review.,,Accept,,
https://github.com/SubNato/TOC-Project/pull/2,Project Program/TOC Project/src/com/gui/gui.java,8c5b3790128459025171ef4931224442b8342569,12,NM_CLASS_NAMING_CONVENTION,2,"Noted, I need to review best practices for the language of Java",,Accept,,
https://github.com/thomasMeimaris/tp3/pull/2,src/question2/main.java,815bd27b38073bdca0985648934276d4b2f5a138,3,NM_CLASS_NAMING_CONVENTION,2,,,,,
https://github.com/inesleonidasrocha/Hello/pull/2,ES-2Sem-2021-Grupo-32/sofia.java,c16fc1d0a72568686056b827bb9c944bdef22277,2,NM_CLASS_NAMING_CONVENTION,2,,,,,
https://github.com/TelestionTeam/telestion/pull/222,modules/telestion-core/src/main/java/org/telestion/core/connection/ConnectionData.java,44dc60cfae4c9ec969e5e48fe936b7dbd2bd7522,9,NM_METHOD_NAMING_CONVENTION,2,,,,,
https://github.com/JangHyeonJun2/codeReivew/pull/3,src/SolutionTest.java,b86724a7c6c24555c46987e4ce33e6b665388764,8,NM_METHOD_NAMING_CONVENTION,2,Oh Thanks! :),,Accept,,
https://github.com/AY2021S2-CS2103-W17-2/tp/pull/17,src/test/java/seedu/address/logic/commands/RemarkCommandTest.java,60d4a55770a470902cf46ebec24f01fc08b37be1,122,EC_NULL_ARG,2,,,,,
https://github.com/AY2021S2-CS2103-W17-2/tp/pull/17,src/test/java/seedu/address/logic/commands/RemarkCommandTest.java,60d4a55770a470902cf46ebec24f01fc08b37be1,119,SA_SELF_COMPARISON,2,,,,,
https://github.com/BceOK007/homeworksJava2/pull/1,src/Java2/Main.java,14ced5b6ffff458e49871031ed437d082c006173,26,VA_FORMAT_STRING_USES_NEWLINE,2,,,,,
https://github.com/BceOK007/homework/pull/6,src/Animal.java,0c36a417ff5efabed8cf1c6e733221451793f0c1,24,VA_FORMAT_STRING_USES_NEWLINE,2,,,,,
https://github.com/BceOK007/homework/pull/4,src/Animal.java,16e21aa8565707571e4f4e94282a872b130db160,29,VA_FORMAT_STRING_USES_NEWLINE,2,,,,,
https://github.com/Yazvaa/Calc/pull/2,app/src/main/java/com/homework/calc/Calculator.java,b4dc5097b9bf9987812765cc8f6454fee39b2907,130,ES_COMPARING_STRINGS_WITH_EQ,2,,404 Not Found,404 Not Found,,
https://github.com/Dimboz13/nechto/pull/2,src/lesson1/hw1.java,f38510f24707f7c3d34b2e8f5fa7a451297ebdd2,3,NM_CLASS_NAMING_CONVENTION,2,,,,,
https://github.com/tuchinsergey/dz1/pull/1,src/main/java/TuchinSergejdz1.java,089b7c7347b613e7cf9a57142539026b4aeda67e,2,NM_CLASS_NAMING_CONVENTION,2,,merged,,,
https://github.com/apache/flink/pull/15280,flink-table/flink-table-planner-blink/src/main/java/org/apache/flink/table/planner/plan/nodes/exec/stream/StreamExecTemporalSort.java,8ac618f619498a75a87d2fe1690ed5ae85faab1e,93,VA_FORMAT_STRING_USES_NEWLINE,2,,,Marked as resolved but did not reply,,
https://github.com/apache/cloudstack/pull/4800,plugins/hypervisors/kvm/src/main/java/com/cloud/hypervisor/kvm/resource/LibvirtComputingResource.java,ef0321d41ed183d5d9fcbc84b961ca1d73769d49,4267,DM_STRING_CTOR,2,@rubieHess good point. thanks ! I will create a pr for it.,fix,Accept and fix,,
https://github.com/apache/kafka/pull/10271,remote-storage/src/test/java/org/apache/kafka/server/log/remote/storage/InmemoryRemoteStorageManagerTest.java,94ac96df7bd244e009d1d150dc62a5b1843e89b8,222,DMI_RANDOM_USED_ONLY_ONCE,1,no replay but fix,,Accept and fix,,
https://github.com/apache/hive/pull/2070,itests/hive-unit/src/test/java/org/apache/hive/jdbc/TestHiveQueryResultSet.java,c6075b9ccde7d0799d3e89aa7943f7c6880cf495,69,NM_METHOD_NAMING_CONVENTION,2,"Thanks for the comments, @ellieMayVelasquez! The method is defined the thrift, and used for many other languages: php, python, etc. It's may difficult to change the method.",,Accept,,
https://github.com/apache/netbeans/pull/2783,java/java.source.base/src/org/netbeans/modules/java/source/builder/TreeFactory.java,88d4467e83f4187606f9a8341f4863157087f5a2,1920,NM_METHOD_NAMING_CONVENTION,2,Not sure if this is a blocker for merging this.,,Accept,,
https://github.com/apache/netbeans/pull/2804,java/java.source.base/src/org/netbeans/api/java/source/TreeMaker.java,5631bf2c0a2c0930cf76e86dbb8566d937b11227,1228,NM_METHOD_NAMING_CONVENTION,2,Thanks for providing the comment. This method name cannot be changed because we are following the same naming convention present in the JDK 16 TreeMaker.,,Accept,,
https://github.com/NathanFleming26/P6-GroupProject/pull/6,timerfrontendController.java,562b536d2fdff5d678f72696060469f203d807d7,26,NM_CLASS_NAMING_CONVENTION,2,,closed,,,
https://github.com/dmkyr20/hillel/pull/4,src/lesson7/homework/Task3.java,6d151a7fb643f3d81f804bed828fa0c5b7a0c7d5,36,NM_METHOD_NAMING_CONVENTION,2,,404 Not Found,404 Not Found,,
https://github.com/Phumelele-Mthimunye/PRG381_Project/pull/16,BusinessLogicLayer/Address.java,90ce8d2dbde46305453d5528205a09f40eaed2bb,92,NM_METHOD_NAMING_CONVENTION,2,thumb emoji,,Accept,,
https://github.com/tata-bor/java1/pull/3,src/HomeWork.java,aa6feb1a4f4cd82b1a7c8615fd093d18cd3e7c03,13,NM_METHOD_NAMING_CONVENTION,2,,,,,
https://github.com/AlexBotya/JavaPart2/pull/1,JavaLevel2/src/main.java,2fdd6c429f642001e5916f6267e6cebe532e83e2,7,NM_CLASS_NAMING_CONVENTION,2,,,,,
https://github.com/KlochkovDm/Homework/pull/3,src/main/java/ru/geekbrains/lessons/lesson1/lesson1.java,e0ab203d61c1e199550c91a42bb4298f96a1d35a,3,NM_CLASS_NAMING_CONVENTION,2,,merged,,,
https://github.com/KlochkovDm/Homework/pull/3,src/main/java/ru/geekbrains/lessons/lesson3/TicTacToe.java,e0ab203d61c1e199550c91a42bb4298f96a1d35a,43,VA_FORMAT_STRING_USES_NEWLINE,2,,merged,,,
https://github.com/super30admin/Linked-List-2/pull/361,binarySaerchIterator.java,31d8ed8564109882fce77c4f4c0a650b70bec726,4,NM_CLASS_NAMING_CONVENTION,2,,,,,
https://github.com/super30admin/Array-2/pull/430,que-3.java,bb6eb9cd767003151731bd67875770cc1509f96d,55,VA_FORMAT_STRING_USES_NEWLINE,2,,,,,
https://github.com/super30admin/PreCourse-2/pull/337,Exercise_5.java,88f0a80693798780a4cc62a0529a8780fde62e14,31,NM_METHOD_NAMING_CONVENTION,3,,,,,
https://github.com/super30admin/PreCourse-2/pull/332,Exercise_5.java,005fecd6b326c665858df81df8f1c1ea9408ac0f,34,NM_METHOD_NAMING_CONVENTION,3,,,,,
https://github.com/super30admin/Linked-List-1/pull/454,removeNthNode.java,4150b43c781df44cde2102d7a27fd8a75bed2294,5,NM_CLASS_NAMING_CONVENTION,2,,,,,
https://github.com/super30admin/Design-2/pull/514,MyHashSet.java,5ca9c62b38659f4ab8eb4ec5b243ea05b4611086,12,NM_METHOD_NAMING_CONVENTION,3,Thanks for pointing out the naming convention techniques and I'll make sure that I follow them. Is there anything wrong with the code in terms of functionality as well?,,Accept,,
https://github.com/super30admin/Trees-2/pull/400,constructBinaryTree.java,d1bdb672787014297c48e07bff9baabb10d9abb2,4,NM_CLASS_NAMING_CONVENTION,2,,,,,
https://github.com/super30admin/Competitive-Coding-9/pull/111,Problem1.java,0da74e3408395e1f58638b793de7dd6b69a44f77,10,NM_CLASS_NAMING_CONVENTION,3,,,,,
https://github.com/super30admin/Trees-3/pull/394,pathsum2.java,0dc3ee83a0828afdf2d3a17c25a1af4c7ba44ca4,4,NM_CLASS_NAMING_CONVENTION,2,,,,,
https://github.com/unicode-org/cldr/pull/1107,tools/cldr-code/src/test/java/org/unicode/cldr/unittest/TestUtilities.java,02a697d62762b9abdccd9303d0dc25d60820c097,1381,NM_METHOD_NAMING_CONVENTION,2,,,,,
https://github.com/debezium/debezium/pull/2237,debezium-ddl-parser/src/main/java/io/debezium/ddl/parser/oracle/PlSqlLexerBase.java,d5eb4426abd881f17531370678d9c9132803ba9a,16,NM_METHOD_NAMING_CONVENTION,2,The code is called form Lexer is it might make more sense to confor to lexer rules than to Java rules.,,Marked as fp,SpotBugs Report,
https://github.com/SamRod33/my-portfolio/pull/10,portfolio/src/main/java/com/google/sps/servlets/contactFormServlet.java,a782da365900f08465375e300fe4e37b6ec515d0,12,NM_CLASS_NAMING_CONVENTION,2,"""+1""",,Accept,,
https://github.com/falmeida-tech/geotab-development-assessment/pull/1,java-solution/src/main/java/com/jokecompany/utilities/ConsolePrinter.java,d60f74970a8e119ba5f5ab501f4dfa99222e4f21,7,NM_METHOD_NAMING_CONVENTION,2,,,,,
https://github.com/Elgk/java2_chat/pull/3,client/src/main/java/client/RegController.java,e7abdf084236417643fa3dd97109acfd04e44835,71,ES_COMPARING_STRINGS_WITH_EQ,2,,,,,
https://github.com/younyikim/Algorithm-Study-2021/pull/19,yazbyz/week04/BJ_9663.java,35c01e3ff19d6000a3e0762a705e8fd3a554b4bf,34,NM_METHOD_NAMING_CONVENTION,2,,merged,,,
https://github.com/Kinjal-dev/TestProject/pull/1,serenity-junit-starter/src/test/java/hrm/pages/testpuchpull.java,36ec0250eed79cb2f20e10e1d090247dec8936e1,3,NM_CLASS_NAMING_CONVENTION,2,,,,,
https://github.com/Samoilenkoaa/Lesson11/pull/1,app/src/main/java/com/example/lesson11/notes/MyNoteDataClassRecyclerViewAdapter.java,ce67164b2213b6bc8ae75f592a606b35476579e2,30,NM_METHOD_NAMING_CONVENTION,2,,,,,
https://github.com/VVO202089/myChat_maven/pull/8,src/main/java/client/MyClient.java,69530d9fbd8ab622b4d684dd4b92e74a9c0b8653,174,ES_COMPARING_STRINGS_WITH_EQ,2,,,,,
https://github.com/Heppcat-Programming/BowTP/pull/1,src/main/java/com/heppcat/items/TPBowItem.java,ff70a66a514cd7f927510f0186b8430f65b10e04,17,NM_METHOD_NAMING_CONVENTION,2,"The Init method? Its one word, its usually uppercase anyways xd. Also, im not sure if you know this, but its a suggestion, not a requirement",,Marked as fp,SpotBugs Report,
https://github.com/Euxinux/Apzumi-Daniel-Besztak-requirement-task/pull/1,src/test/java/PostServiceTest.java,66bc2378a07243a6b53f865f11934d1421f056f5,40,NM_METHOD_NAMING_CONVENTION,2,"Thanks for your feedback! Any advice is very important for me, to improve my programming skills and code quality!I rename method in the convention MethodName_StateUnderTest_ExpectedBehavior .",fix,Accept and fix,,
https://github.com/christophschubert/cp-testcontainers/pull/1,src/main/java/net/christophschubert/cp/testcontainers/LdapContainer.java,4fcebcb06d54d0054a79109536e40482302b6605,125,VA_FORMAT_STRING_USES_NEWLINE,2,,,,,
https://github.com/maryangrb/pruebaSeleniumBasico/pull/1,src/test/java/dataProvider.java,2b8583164e82615d5badb3640e2087ea6b98e677,14,NM_CLASS_NAMING_CONVENTION,2,,merged,,,
https://github.com/tlaplus/tlaplus/pull/588,tlatools/org.lamport.tlatools/src/tlc2/TraceExplorer.java,50a8cc1a9aa5ea978e3e1b28da091529314631e7,318,ES_COMPARING_STRINGS_WITH_EQ,2,"Ok, bot.",delete,Accept and fix,,
https://github.com/tlaplus/tlaplus/pull/588,tlatools/org.lamport.tlatools/src/tlc2/TraceExplorer.java,50a8cc1a9aa5ea978e3e1b28da091529314631e7,223,VA_FORMAT_STRING_USES_NEWLINE,2,"Ok, bot.",,Accept,,
https://github.com/OpenSourceAIX/ColinTreeListView/pull/16,ColinTreeListViewElement.java,9c8a07890724f52b7aee3a07a9c135c3912e320d,155,NM_METHOD_NAMING_CONVENTION,2,"Hi,Naming conventions of Extensions are a little bit different than those in java.You would like to check this:",,Marked as fp,SpotBugs Report,
https://github.com/Kis-python-course/trpp-team-project-multichicken/pull/1,src/sample/Main.java,f117e0476d076df1ba270f0b83f6ec08298950b4,13,UI_INHERITANCE_UNSAFE_GETRESOURCE,3,"@rubieHess good catch, I've fixed this.",,Accept and fix,,
https://github.com/adelincarabas/StudentManager/pull/1,src/loose/oose/fis/lab/student/manager/Main.java,5acd5ee6b24cdd4d7ba934a39fd8fe6fb3aa1850,13,UI_INHERITANCE_UNSAFE_GETRESOURCE,3,,,,,
https://github.com/ontodev/robot/pull/837,robot-core/src/test/java/org/obolibrary/robot/DiffOperationTest.java,f3fc79e92edf2df2a6b64a16ac04d8f756f4b778,59,UI_INHERITANCE_UNSAFE_GETRESOURCE,3,This code is only used in our test suite to work around annoyances loading test files. There may be a better way to do this. But it should never be extended by any other class.,,Marked as fp,,
https://github.com/europeana/corelib/pull/233,corelib-schemaorg/src/test/java/eu/europeana/corelib/edm/utils/SchemaOrgUtilsTest.java,1d6a266bdae65d95184b5908b1dcf546f835d148,85,UI_INHERITANCE_UNSAFE_GETRESOURCE,3,@SrishtiSingh-eu do you know who Abida Justice is?,delete,,,
https://github.com/sspangsberg/Rock-Paper-Scissor/pull/1,src/rps/gui/JavaFXApp.java,cf53a62c668a38ea2364c50ec79d015461f2f698,24,UI_INHERITANCE_UNSAFE_GETRESOURCE,3,,,,,
https://github.com/sspangsberg/Rock-Paper-Scissor/pull/3,src/rps/gui/JavaFXApp.java,9b1b6434f588aae915da1301f7639c02ad212bbe,24,UI_INHERITANCE_UNSAFE_GETRESOURCE,3,,closed,,,
https://github.com/sspangsberg/Rock-Paper-Scissor/pull/2,src/rps/gui/JavaFXApp.java,773768254bc6b6ec09deadb3c602018929baa79d,24,UI_INHERITANCE_UNSAFE_GETRESOURCE,3,,,,,
https://github.com/TestSmells/TestSmellDetector/pull/9,src/main/java/edu/rit/se/testsmells/testsmell/TestSmellDetector.java,397e84022295f65f748c0d85e4b55540ca07b5e5,93,UI_INHERITANCE_UNSAFE_GETRESOURCE,3,"Should making TestSmellDetector a final class be enough? This problem only occurs when both TestSmellDetector is extended and a relative path is used (not relative to the current directory, but relative to the class' resources path).",,Accept and fix,,
https://github.com/srcrs/BilibiliTask/pull/162,src/main/java/top/srcrs/util/Request.java,072fe3250da22ed0835f15bb24c7912eb0f94b9a,129,DMI_RANDOM_USED_ONLY_ONCE,1,,404 Not Found,404 Not Found,,
https://github.com/TaniaT24/Student-Manager/pull/2,src/loose/oose/fis/lab/student/manager/Main.java,5f3eeae80b8d910a7e024a4a17809503f8083828,13,UI_INHERITANCE_UNSAFE_GETRESOURCE,3,,,,,
https://github.com/oussamabouguerra/BrainStorm/pull/1,CineApp.java,87cf7b896a57c51a86cfd665b4a6c45e5e6085ce,22,UI_INHERITANCE_UNSAFE_GETRESOURCE,3,,,,,
https://github.com/thesamebox/Lesson_7_8/pull/6,client/src/main/java/client/Controller.java,369a682a10bbe2f581a8ce99008b36a642fe7f4d,224,UI_INHERITANCE_UNSAFE_GETRESOURCE,3,,,,,
https://github.com/thesamebox/Lesson_7_8/pull/4,client/src/main/java/client/Controller.java,67dcedba0e08a9a5a3e501697b74980e04067791,224,UI_INHERITANCE_UNSAFE_GETRESOURCE,3,,,,,
https://github.com/thesamebox/Lesson_7_8/pull/5,client/src/main/java/client/Controller.java,be8815fdbf4994b5a6299fbfd56b7818e41d7e15,224,UI_INHERITANCE_UNSAFE_GETRESOURCE,3,,,,,
https://github.com/dr0i/jsonld-java/pull/1,core/src/test/java/com/github/jsonldjava/core/ContextSerializationTest.java,b2a8ac68ae85b5f304ce930d161e8d686780996c,17,UI_INHERITANCE_UNSAFE_GETRESOURCE,3,,merged,,,
https://github.com/Evengarr/TasksForLesson3/pull/6,Lesson6/ChatClient/src/main/java/ChatClientApp.java,cb4d2a51649cb3bb46e60a960dd5d559b614090d,10,UI_INHERITANCE_UNSAFE_GETRESOURCE,3,,,,,
https://github.com/kermitt2/grobid/pull/729,grobid-core/src/test/java/org/grobid/core/sax/PDFALTOOutlineSaxHandlerTest.java,300efd318157817afce26c06cef0ee87bdc30e4d,39,UI_INHERITANCE_UNSAFE_GETRESOURCE,3,"Hi, thanks for your feedback. This is the code of a unit test, it's running only after compilation and it's not supposed to be extended. Do you have any suggestion on how to change it?",,Marked as fp,,
https://github.com/ildarSv22/Java2_HW_Lesson7/pull/2,client/src/main/java/client/Controller.java,bb5c6857cec6bc6281487449491f0bd5699f7831,216,UI_INHERITANCE_UNSAFE_GETRESOURCE,3,,404 Not Found,404 Not Found,,
https://github.com/Novichoktlt/Java/pull/9,Client.java,903e6cb13a5de513c52d18fe27e48c30ac27eb59,27,UI_INHERITANCE_UNSAFE_GETRESOURCE,3,,,,,
https://github.com/Novichoktlt/Java/pull/10,Client.java,eb5ae3f1a0a26cc804b0be7d5e37a5e46c1be6fc,27,UI_INHERITANCE_UNSAFE_GETRESOURCE,3,,,,,
https://github.com/yanaDanilova/java.level2/pull/1,src/sample/Main.java,4abc27e9199e08b8c63dd8c95c4a4765fdecaf99,13,UI_INHERITANCE_UNSAFE_GETRESOURCE,3,,,,,
https://github.com/Viserys3301/Cloud/pull/1,src/main/java/client/ClientFX.java,fa0479a7b9805d1fbbcd14c0dd6447e6d306a907,124,UI_INHERITANCE_UNSAFE_GETRESOURCE,3,,,,,
https://github.com/akinizer/DSIR/pull/1,src/sample/Model/RunnerManagement/Runner.java,0aff1468d1218d441aa3d4411a1b96265bb24543,180,UI_INHERITANCE_UNSAFE_GETRESOURCE,3,,,,,
https://github.com/Aditeya/NineMensMorris/pull/2,src/ninemensmorris/NMMLogic.java,a5b94aa5710131c13909d52fde67993ffdfd7fa0,75,UI_INHERITANCE_UNSAFE_GETRESOURCE,3,"This issue was fixed in a newer version, Thank ya kindly, By Giggity",,Accept and fix,,
https://github.com/krettt/KretOleg/pull/21,src/main/java/selenide/pages/MainPage.java,f9e20defa49b485417610cf1cc9f5e024e5ae7d9,42,DMI_RANDOM_USED_ONLY_ONCE,1,,,,,
https://github.com/ovmo/titan/pull/4,src/Visualization/SolarSystemPane.java,428493d09dced3143776f8a78c10ec1e17728b67,136,UI_INHERITANCE_UNSAFE_GETRESOURCE,3,,,,,
https://github.com/AimanK/OperatingSystemsProject1/pull/8,process.java,746500d1e9b22c7c55958f0c38ae6cfb964f568a,4,NM_CLASS_NAMING_CONVENTION,2,,,,,
https://github.com/SkyL0ver/Novel-Grabber/pull/1,src/main/java/grabber/formats/EPUB.java,a7061638ceaf4c8ccd96f6f449a2b2722c731b50,56,UI_INHERITANCE_UNSAFE_GETRESOURCE,3,,,,,
https://github.com/lr131/java-level-2/pull/6,client/src/main/java/ChatApp.java,2bee36e4615a95796c2ad6d55afb6d6c05bdb7d3,16,UI_INHERITANCE_UNSAFE_GETRESOURCE,3,,,,,
https://github.com/JacekGajewski/portfolio-tracker-backend/pull/2,src/main/java/com/tracker/portfolio/startup/CommandLineStartupDev.java,8c90c6f4b18962f1f94496c2cfe0a0c29159a268,119,DMI_RANDOM_USED_ONLY_ONCE,1,,,,,
https://github.com/titusmoldovan/java-training/pull/55,_7_concurrency/src/main/java/code/_4_student_effort/RockPapperScissors/Player.java,fd3a85f33f86779e0addbfdc5348063fea393ab7,17,DMI_RANDOM_USED_ONLY_ONCE,1,,,,,
https://github.com/mate-academy/jv-oop-advanced/pull/52,src/main/java/core/basesyntax/ColorSupplier.java,b10b69712106d51f7bfdb89728c3799d04d4fe1f,10,DMI_RANDOM_USED_ONLY_ONCE,1,,,,,
https://github.com/rexlNico/RealTimePlugin/pull/1,src/main/java/de/rexlnico/realtimeplugin/util/Utils.java,bcac6b1e11b1b1b40e9e0c1350259d9f832e94df,61,DMI_RANDOM_USED_ONLY_ONCE,1,You are absolutely right. But in fact this method is not even used ðŸ˜‚ I just placed it there to preserve it (it was previously in the WeatherWorld class). But I'll change that.,,Accept and fix,,
https://github.com/sibir007/java.level2.lesson4/pull/1,src/ru/geekbrains/java/level2/task/ChatMain.java,c73895b74e07382ab4336045ad4f47f682a57060,16,UI_INHERITANCE_UNSAFE_GETRESOURCE,3,,,,,
https://github.com/framzik/java_chat/pull/4,client/src/main/java/client/Controller.java,58766d61501830a1d5bcb89461fb0b66674e1b6c,251,UI_INHERITANCE_UNSAFE_GETRESOURCE,3,,,,,
https://github.com/framzik/java_chat/pull/2,client/src/main/java/client/Controller.java,f0f9a893663afaa3e2523c21fe09940f8a214dbb,217,UI_INHERITANCE_UNSAFE_GETRESOURCE,3,,,,,
https://github.com/insideapp-oss/sonar-flutter/pull/47,dart-lang/src/main/java/fr/insideapp/sonarqube/dart/lang/issues/dartanalyzer/DartAnalyzerSensor.java,1646f23ce696a1b215d7d76d0e724ccc1d6990bb,323,UI_INHERITANCE_UNSAFE_GETRESOURCE,3,@kieraCurtis Would be getClass.getClassLoader().getResource(...) a better option?Maybe specifying the full path problems can be avoided: https://stackoverflow.com/a/6608848/2910520,,Accept and fix,,
https://github.com/aicis/fresco/pull/373,tools/bitTriples/src/test/java/dk/alexandra/fresco/tools/bitTriples/BitTriplesTestContext.java,69bc3962293db50424c815b14523615def7c9502,32,DMI_RANDOM_USED_ONLY_ONCE,1,@ellieMayVelasquez This is a test context though. I don't think it matters too much.,,Not interested,,
https://github.com/jenkinsci/cobertura-plugin/pull/128,src/test/java/hudson/plugins/cobertura/CoberturaCoverageParserTest.java,55f7be9e62dfe52852df932865f91c171d68e1db,138,UI_INHERITANCE_UNSAFE_GETRESOURCE,3,This is test code. It's not going to be extended in another package.,This is test code. It's not going to be extended in another package.,Marked as fp,,
https://github.com/scribejava/scribejava/pull/1001,scribejava-apis/src/test/java/com/github/scribejava/apis/examples/Twitter20WithPKCEExample.java,3c82c51e500ef4122e4d7d904e64bec38e8ee1c4,33,DMI_RANDOM_USED_ONLY_ONCE,1,,,,,
https://github.com/apache/zookeeper/pull/1637,zookeeper-server/src/test/java/org/apache/zookeeper/log/Log4jConfigWatcherTest.java,06c69ca2a6960f845204a74709d6f5315684e43a,96,UI_INHERITANCE_UNSAFE_GETRESOURCE,3,,,,,
https://github.com/apache/tika/pull/419,tika-translate/src/main/java/org/apache/tika/language/translate/RTGTranslator.java,1aa1a2c3bfbb89209d750377cf1d7a908bb22a04,84,UI_INHERITANCE_UNSAFE_GETRESOURCE,3,"Last time I wrote java code was 4+ years ago, this thing had slipped in by mistake and I immediately corrected it.",,Accept and fix,,
https://github.com/NathanFleming26/P6-GroupProject/pull/7,Campus_security.java,56c61d9e671efa3e3d534909e443ef160e8d7a8b,18,UI_INHERITANCE_UNSAFE_GETRESOURCE,3,,,,,
https://github.com/devyaniB/cwa-server/pull/11,common/federation/src/main/java/app/coronawarn/server/common/federation/client/FederationFeignHttpClientProvider.java,01ddeddb582423ed2d79502e75543dfa2b323605,76,UI_INHERITANCE_UNSAFE_GETRESOURCE,3,,,,,
https://github.com/bergik37/GeekPart2/pull/10,src/lessons8/oneClients/App1.java,61ded05baebaae4f2b30b44abce9a652e125641e,17,UI_INHERITANCE_UNSAFE_GETRESOURCE,3,,,,,
https://github.com/linkedin/ambry/pull/1794,ambry-store/src/main/java/com/github/ambry/store/PersistentIndex.java,4775b969c853e2e441e026228b6e282fb35c317d,242,DMI_RANDOM_USED_ONLY_ONCE,1,"@kieraCurtis seems reasonable, but it is related with all of Random object used inside the project. Maybe you could create separate PR for this feature ðŸ‘",,Accept,,
https://github.com/Elgk/java2_chat/pull/3,client/src/main/java/client/Controller.java,e7abdf084236417643fa3dd97109acfd04e44835,259,UI_INHERITANCE_UNSAFE_GETRESOURCE,3,,,,,
https://github.com/MalkovaLiliya/webChat/pull/3,src/client/Controller.java,9b2ae7b02d7c5afc71998f30e105e2ff8611a2c8,209,UI_INHERITANCE_UNSAFE_GETRESOURCE,3,,,,,
https://github.com/qiniu/android-sdk/pull/453,library/src/main/java/com/qiniu/android/http/request/HttpSingleRequest.java,2969471582d6d1ee08d372a88b235cdff05361d9,177,SA_SELF_COMPUTATION,2,no replay but fix,fix,Accept and fix,,