SIC_INNER_SHOULD_BE_STATIC,org/eclipse/jetty/apache/jsp/JettyJasperInitializer.java,48
BC_VACUOUS_INSTANCEOF,org/eclipse/jetty/jsp/JettyJspServlet.java,46
SIO_SUPERFLUOUS_INSTANCEOF,org/eclipse/jetty/jsp/JettyJspServlet.java,46
SIC_INNER_SHOULD_BE_STATIC,org/eclipse/jetty/demos/AsyncEchoServlet.java,43
SE_NO_SERIALVERSIONID,org/eclipse/jetty/demos/DumpServlet.java,25
SIC_INNER_SHOULD_BE_STATIC_ANON,org/eclipse/jetty/demos/FastFileServer.java,161
SE_NO_SERIALVERSIONID,org/eclipse/jetty/demos/HelloServlet.java,29
SE_NO_SERIALVERSIONID,org/eclipse/jetty/demos/HelloSessionServlet.java,28
SE_NO_SERIALVERSIONID,org/eclipse/jetty/demos/MinimalServlets.java,66
SE_NO_SERIALVERSIONID,org/eclipse/jetty/demos/WebSocketServer.java,50
NS_NON_SHORT_CIRCUIT,com/acme/ChatServlet.java,206
SE_BAD_FIELD,com/acme/ChatServlet.java,-1
SE_NO_SERIALVERSIONID,com/acme/ChatServlet.java,37
DM_DEFAULT_ENCODING,com/acme/ChatServlet.java,72
SIC_INNER_SHOULD_BE_STATIC,com/acme/ChatServlet.java,55
HRS_REQUEST_PARAMETER_TO_COOKIE,com/acme/CookieDump.java,38
MSF_MUTABLE_SERVLET_FIELD,com/acme/CookieDump.java,56
MTIA_SUSPECT_SERVLET_INSTANCE_FIELD,com/acme/CookieDump.java,56
SE_NO_SERIALVERSIONID,com/acme/CookieDump.java,30
DM_DEFAULT_ENCODING,com/acme/DispatchServlet.java,116
RV_CHECK_FOR_POSITIVE_INDEXOF,com/acme/DispatchServlet.java,69
RV_RETURN_VALUE_IGNORED_NO_SIDE_EFFECT,com/acme/DispatchServlet.java,54
SE_NO_SERIALVERSIONID,com/acme/DispatchServlet.java,33
DM_DEFAULT_ENCODING,com/acme/Dump.java,405
HRS_REQUEST_PARAMETER_TO_COOKIE,com/acme/Dump.java,391
HRS_REQUEST_PARAMETER_TO_HTTP_HEADER,com/acme/Dump.java,310
RCN_REDUNDANT_NULLCHECK_OF_NONNULL_VALUE,com/acme/Dump.java,792
RC_REF_COMPARISON_BAD_PRACTICE_BOOLEAN,com/acme/Dump.java,177
REC_CATCH_EXCEPTION,com/acme/Dump.java,383
REC_CATCH_EXCEPTION,com/acme/Dump.java,974
SE_BAD_FIELD,com/acme/Dump.java,-1
SE_NO_SERIALVERSIONID,com/acme/Dump.java,60
SIC_INNER_SHOULD_BE_STATIC_ANON,com/acme/Dump.java,230
SIC_INNER_SHOULD_BE_STATIC_ANON,com/acme/Dump.java,243
UI_INHERITANCE_UNSAFE_GETRESOURCE,com/acme/Dump.java,780
SE_NO_SERIALVERSIONID,com/acme/HelloWorld.java,28
UWF_FIELD_NOT_INITIALIZED_IN_CONSTRUCTOR,com/acme/JavaxWebSocketChat.java,73
UWF_FIELD_NOT_INITIALIZED_IN_CONSTRUCTOR,com/acme/JavaxWebSocketChat.java,51
SE_NO_SERIALVERSIONID,com/acme/LoginServlet.java,27
REC_CATCH_EXCEPTION,com/acme/RegTest.java,146
SE_NO_SERIALVERSIONID,com/acme/RegTest.java,31
SE_NO_SERIALVERSIONID,com/acme/RewriteServlet.java,28
DM_DEFAULT_ENCODING,com/acme/SecureModeServlet.java,74
DM_DEFAULT_ENCODING,com/acme/SecureModeServlet.java,171
DM_DEFAULT_ENCODING,com/acme/SecureModeServlet.java,126
DM_DEFAULT_ENCODING,com/acme/SecureModeServlet.java,289
SE_NO_SERIALVERSIONID,com/acme/SecureModeServlet.java,37
MSF_MUTABLE_SERVLET_FIELD,com/acme/SessionDump.java,97
MTIA_SUSPECT_SERVLET_INSTANCE_FIELD,com/acme/SessionDump.java,97
RV_CHECK_FOR_POSITIVE_INDEXOF,com/acme/SessionDump.java,111
SE_NO_SERIALVERSIONID,com/acme/SessionDump.java,34
SE_NO_SERIALVERSIONID,com/acme/SessionDump.java,44
BC_UNCONFIRMED_CAST,com/acme/TestFilter.java,66
DLS_DEAD_LOCAL_STORE,com/acme/TestListener.java,144
DLS_DEAD_LOCAL_STORE,com/acme/TestListener.java,137
RV_RETURN_VALUE_IGNORED_NO_SIDE_EFFECT,com/acme/TestListener.java,191
SE_NO_SERIALVERSIONID,com/acme/TestServlet.java,23
SE_BAD_FIELD,com/acme/WebSocketChatServlet.java,-1
SE_NO_SERIALVERSIONID,com/acme/WebSocketChatServlet.java,37
UWF_FIELD_NOT_INITIALIZED_IN_CONSTRUCTOR,com/acme/WebSocketChatServlet.java,106
UWF_FIELD_NOT_INITIALIZED_IN_CONSTRUCTOR,com/acme/WebSocketChatServlet.java,99
MSF_MUTABLE_SERVLET_FIELD,com/acme/test/AnnotationTest.java,304
MSF_MUTABLE_SERVLET_FIELD,com/acme/test/AnnotationTest.java,303
MSF_MUTABLE_SERVLET_FIELD,com/acme/test/AnnotationTest.java,317
MSF_MUTABLE_SERVLET_FIELD,com/acme/test/AnnotationTest.java,323
MSF_MUTABLE_SERVLET_FIELD,com/acme/test/AnnotationTest.java,329
MSF_MUTABLE_SERVLET_FIELD,com/acme/test/AnnotationTest.java,316
MSF_MUTABLE_SERVLET_FIELD,com/acme/test/AnnotationTest.java,322
MSF_MUTABLE_SERVLET_FIELD,com/acme/test/AnnotationTest.java,328
MSF_MUTABLE_SERVLET_FIELD,com/acme/test/AnnotationTest.java,83
MSF_MUTABLE_SERVLET_FIELD,com/acme/test/AnnotationTest.java,293
MSF_MUTABLE_SERVLET_FIELD,com/acme/test/AnnotationTest.java,337
MSF_MUTABLE_SERVLET_FIELD,com/acme/test/AnnotationTest.java,336
MTIA_SUSPECT_SERVLET_INSTANCE_FIELD,com/acme/test/AnnotationTest.java,135
MTIA_SUSPECT_SERVLET_INSTANCE_FIELD,com/acme/test/AnnotationTest.java,92
MTIA_SUSPECT_SERVLET_INSTANCE_FIELD,com/acme/test/AnnotationTest.java,104
MTIA_SUSPECT_SERVLET_INSTANCE_FIELD,com/acme/test/AnnotationTest.java,115
MTIA_SUSPECT_SERVLET_INSTANCE_FIELD,com/acme/test/AnnotationTest.java,125
MTIA_SUSPECT_SERVLET_INSTANCE_FIELD,com/acme/test/AnnotationTest.java,99
MTIA_SUSPECT_SERVLET_INSTANCE_FIELD,com/acme/test/AnnotationTest.java,111
MTIA_SUSPECT_SERVLET_INSTANCE_FIELD,com/acme/test/AnnotationTest.java,121
MTIA_SUSPECT_SERVLET_INSTANCE_FIELD,com/acme/test/AnnotationTest.java,83
MTIA_SUSPECT_SERVLET_INSTANCE_FIELD,com/acme/test/AnnotationTest.java,89
MTIA_SUSPECT_SERVLET_INSTANCE_FIELD,com/acme/test/AnnotationTest.java,146
MTIA_SUSPECT_SERVLET_INSTANCE_FIELD,com/acme/test/AnnotationTest.java,142
REC_CATCH_EXCEPTION,com/acme/test/AnnotationTest.java,343
SE_BAD_FIELD,com/acme/test/AnnotationTest.java,-1
SE_BAD_FIELD,com/acme/test/AnnotationTest.java,-1
SE_NO_SERIALVERSIONID,com/acme/test/AnnotationTest.java,51
ST_WRITE_TO_STATIC_FROM_INSTANCE_METHOD,com/acme/test/AnnotationTest.java,208
SE_NO_SERIALVERSIONID,com/acme/test/AsyncListenerServlet.java,30
SE_NO_SERIALVERSIONID,com/acme/test/ClassLoaderServlet.java,29
SE_NO_SERIALVERSIONID,com/acme/test/MultiPartTest.java,34
SE_NO_SERIALVERSIONID,com/acme/test/RoleAnnotationTest.java,31
SE_NO_SERIALVERSIONID,com/acme/test/SecuredServlet.java,27
REC_CATCH_EXCEPTION,com/acme/test/TestListener.java,153
SE_NO_SERIALVERSIONID,com/acme/fragment/FragmentServlet.java,30
DLS_DEAD_LOCAL_STORE,com/acme/JNDITest.java,115
DLS_DEAD_LOCAL_STORE,com/acme/JNDITest.java,112
MSF_MUTABLE_SERVLET_FIELD,com/acme/JNDITest.java,128
MSF_MUTABLE_SERVLET_FIELD,com/acme/JNDITest.java,59
MSF_MUTABLE_SERVLET_FIELD,com/acme/JNDITest.java,129
MSF_MUTABLE_SERVLET_FIELD,com/acme/JNDITest.java,130
MSF_MUTABLE_SERVLET_FIELD,com/acme/JNDITest.java,127
MTIA_SUSPECT_SERVLET_INSTANCE_FIELD,com/acme/JNDITest.java,65
MTIA_SUSPECT_SERVLET_INSTANCE_FIELD,com/acme/JNDITest.java,59
MTIA_SUSPECT_SERVLET_INSTANCE_FIELD,com/acme/JNDITest.java,66
MTIA_SUSPECT_SERVLET_INSTANCE_FIELD,com/acme/JNDITest.java,71
MTIA_SUSPECT_SERVLET_INSTANCE_FIELD,com/acme/JNDITest.java,64
NP_UNWRITTEN_FIELD,com/acme/JNDITest.java,65
SE_BAD_FIELD,com/acme/JNDITest.java,-1
SE_BAD_FIELD,com/acme/JNDITest.java,-1
SE_NO_SERIALVERSIONID,com/acme/JNDITest.java,37
UPM_UNCALLED_PRIVATE_METHOD,com/acme/JNDITest.java,64
UPM_UNCALLED_PRIVATE_METHOD,com/acme/JNDITest.java,71
UWF_UNWRITTEN_FIELD,com/acme/JNDITest.java,65
SE_NO_SERIALVERSIONID,com/acme/Counter.java,17
SE_BAD_FIELD,com/acme/DateTag.java,-1
SE_NO_SERIALVERSIONID,com/acme/DateTag.java,27
UWF_FIELD_NOT_INITIALIZED_IN_CONSTRUCTOR,com/acme/DateTag.java,83
SE_NO_SERIALVERSIONID,org/eclipse/jetty/demos/AbstractRestServlet.java,38
SE_BAD_FIELD,org/eclipse/jetty/demos/AsyncRestServlet.java,-1
SE_NO_SERIALVERSIONID,org/eclipse/jetty/demos/AsyncRestServlet.java,47
DM_DEFAULT_ENCODING,org/eclipse/jetty/demos/SerialRestServlet.java,53
SE_NO_SERIALVERSIONID,org/eclipse/jetty/demos/SerialRestServlet.java,34
DLS_DEAD_LOCAL_STORE,org/eclipse/jetty/docs/programming/ComponentDocs.java,183
DLS_DEAD_LOCAL_STORE,org/eclipse/jetty/docs/programming/ComponentDocs.java,187
SIC_INNER_SHOULD_BE_STATIC_ANON,org/eclipse/jetty/docs/programming/ComponentDocs.java,198
SIC_INNER_SHOULD_BE_STATIC_ANON,org/eclipse/jetty/docs/programming/ComponentDocs.java,227
SIC_INNER_SHOULD_BE_STATIC_ANON,org/eclipse/jetty/docs/programming/ComponentDocs.java,36
SIC_INNER_SHOULD_BE_STATIC_ANON,org/eclipse/jetty/docs/programming/ComponentDocs.java,247
SIC_INNER_SHOULD_BE_STATIC_ANON,org/eclipse/jetty/docs/programming/ComponentDocs.java,52
UWF_FIELD_NOT_INITIALIZED_IN_CONSTRUCTOR,org/eclipse/jetty/docs/programming/ComponentDocs.java,77
SIC_INNER_SHOULD_BE_STATIC_ANON,org/eclipse/jetty/docs/programming/ComponentDocs.java,99
SIC_INNER_SHOULD_BE_STATIC_ANON,org/eclipse/jetty/docs/programming/ComponentDocs.java,103
UWF_FIELD_NOT_INITIALIZED_IN_CONSTRUCTOR,org/eclipse/jetty/docs/programming/ComponentDocs.java,128
SIC_INNER_SHOULD_BE_STATIC_ANON,org/eclipse/jetty/docs/programming/ComponentDocs.java,150
SIC_INNER_SHOULD_BE_STATIC_ANON,org/eclipse/jetty/docs/programming/ComponentDocs.java,154
UWF_FIELD_NOT_INITIALIZED_IN_CONSTRUCTOR,org/eclipse/jetty/docs/programming/ComponentDocs.java,171
DLS_DEAD_LOCAL_STORE,org/eclipse/jetty/docs/programming/HTTP2Docs.java,49
DLS_DEAD_LOCAL_STORE,org/eclipse/jetty/docs/programming/HTTP2Docs.java,69
DLS_DEAD_LOCAL_STORE,org/eclipse/jetty/docs/programming/HTTP2Docs.java,44
RV_RETURN_VALUE_IGNORED_BAD_PRACTICE,org/eclipse/jetty/docs/programming/HTTP2Docs.java,78
SIC_INNER_SHOULD_BE_STATIC_ANON,org/eclipse/jetty/docs/programming/HTTP2Docs.java,58
URF_UNREAD_FIELD,org/eclipse/jetty/docs/programming/HTTP2Docs.java,59
URF_UNREAD_FIELD,org/eclipse/jetty/docs/programming/HTTP2Docs.java,60
DLS_DEAD_LOCAL_STORE,org/eclipse/jetty/docs/programming/JMXDocs.java,155
RCN_REDUNDANT_NULLCHECK_OF_NONNULL_VALUE,org/eclipse/jetty/docs/programming/JMXDocs.java,153
SIC_INNER_SHOULD_BE_STATIC_ANON,org/eclipse/jetty/docs/programming/JMXDocs.java,228
SIC_INNER_SHOULD_BE_STATIC_ANON,org/eclipse/jetty/docs/programming/JMXDocs.java,248
UMAC_UNCALLABLE_METHOD_OF_ANONYMOUS_CLASS,org/eclipse/jetty/docs/programming/JMXDocs.java,266
UMAC_UNCALLABLE_METHOD_OF_ANONYMOUS_CLASS,org/eclipse/jetty/docs/programming/JMXDocs.java,260
SIC_INNER_SHOULD_BE_STATIC_ANON,org/eclipse/jetty/docs/programming/JMXDocs.java,208
SIC_INNER_SHOULD_BE_STATIC_ANON,org/eclipse/jetty/docs/programming/JMXDocs.java,216
SIC_INNER_SHOULD_BE_STATIC_ANON,org/eclipse/jetty/docs/programming/JMXDocs.java,165
UMAC_UNCALLABLE_METHOD_OF_ANONYMOUS_CLASS,org/eclipse/jetty/docs/programming/JMXDocs.java,197
UMAC_UNCALLABLE_METHOD_OF_ANONYMOUS_CLASS,org/eclipse/jetty/docs/programming/JMXDocs.java,174
UMAC_UNCALLABLE_METHOD_OF_ANONYMOUS_CLASS,org/eclipse/jetty/docs/programming/JMXDocs.java,182
UMAC_UNCALLABLE_METHOD_OF_ANONYMOUS_CLASS,org/eclipse/jetty/docs/programming/JMXDocs.java,188
NP_LOAD_OF_KNOWN_NULL_VALUE,org/eclipse/jetty/docs/programming/SelectorManagerDocs.java,61
SIC_INNER_SHOULD_BE_STATIC_ANON,org/eclipse/jetty/docs/programming/SelectorManagerDocs.java,165
SIC_INNER_SHOULD_BE_STATIC_ANON,org/eclipse/jetty/docs/programming/SelectorManagerDocs.java,72
SIC_INNER_SHOULD_BE_STATIC_ANON,org/eclipse/jetty/docs/programming/SelectorManagerDocs.java,100
SIC_INNER_SHOULD_BE_STATIC_ANON,org/eclipse/jetty/docs/programming/client/ClientConnectorDocs.java,76
SIC_INNER_SHOULD_BE_STATIC_ANON,org/eclipse/jetty/docs/programming/client/ClientConnectorDocs.java,119
SIC_INNER_SHOULD_BE_STATIC_ANON,org/eclipse/jetty/docs/programming/client/ClientConnectorDocs.java,177
UWF_FIELD_NOT_INITIALIZED_IN_CONSTRUCTOR,org/eclipse/jetty/docs/programming/client/ClientConnectorDocs.java,212
SIC_INNER_SHOULD_BE_STATIC_ANON,org/eclipse/jetty/docs/programming/client/ClientConnectorDocs.java,297
UWF_FIELD_NOT_INITIALIZED_IN_CONSTRUCTOR,org/eclipse/jetty/docs/programming/client/ClientConnectorDocs.java,332
DLS_DEAD_LOCAL_STORE,org/eclipse/jetty/docs/programming/client/http/HTTPClientDocs.java,593
DLS_DEAD_LOCAL_STORE,org/eclipse/jetty/docs/programming/client/http/HTTPClientDocs.java,743
DLS_DEAD_LOCAL_STORE,org/eclipse/jetty/docs/programming/client/http/HTTPClientDocs.java,747
DLS_DEAD_LOCAL_STORE,org/eclipse/jetty/docs/programming/client/http/HTTPClientDocs.java,295
DLS_DEAD_LOCAL_STORE,org/eclipse/jetty/docs/programming/client/http/HTTPClientDocs.java,299
DLS_DEAD_LOCAL_STORE,org/eclipse/jetty/docs/programming/client/http/HTTPClientDocs.java,784
DLS_DEAD_LOCAL_STORE,org/eclipse/jetty/docs/programming/client/http/HTTPClientDocs.java,791
DLS_DEAD_LOCAL_STORE,org/eclipse/jetty/docs/programming/client/http/HTTPClientDocs.java,800
DLS_DEAD_LOCAL_STORE,org/eclipse/jetty/docs/programming/client/http/HTTPClientDocs.java,188
DLS_DEAD_LOCAL_STORE,org/eclipse/jetty/docs/programming/client/http/HTTPClientDocs.java,381
DLS_DEAD_LOCAL_STORE,org/eclipse/jetty/docs/programming/client/http/HTTPClientDocs.java,818
DLS_DEAD_LOCAL_STORE,org/eclipse/jetty/docs/programming/client/http/HTTPClientDocs.java,504
DLS_DEAD_LOCAL_STORE,org/eclipse/jetty/docs/programming/client/http/HTTPClientDocs.java,151
DLS_DEAD_LOCAL_STORE,org/eclipse/jetty/docs/programming/client/http/HTTPClientDocs.java,164
DLS_DEAD_LOCAL_STORE,org/eclipse/jetty/docs/programming/client/http/HTTPClientDocs.java,281
DLS_DEAD_LOCAL_STORE,org/eclipse/jetty/docs/programming/client/http/HTTPClientDocs.java,269
DLS_DEAD_LOCAL_STORE,org/eclipse/jetty/docs/programming/client/http/HTTPClientDocs.java,176
DLS_DEAD_LOCAL_STORE,org/eclipse/jetty/docs/programming/client/http/HTTPClientDocs.java,649
DLS_DEAD_LOCAL_STORE,org/eclipse/jetty/docs/programming/client/http/HTTPClientDocs.java,674
DLS_DEAD_LOCAL_STORE,org/eclipse/jetty/docs/programming/client/http/HTTPClientDocs.java,531
DLS_DEAD_LOCAL_STORE,org/eclipse/jetty/docs/programming/client/http/HTTPClientDocs.java,138
DLS_DEAD_LOCAL_STORE,org/eclipse/jetty/docs/programming/client/http/HTTPClientDocs.java,200
DM_DEFAULT_ENCODING,org/eclipse/jetty/docs/programming/client/http/HTTPClientDocs.java,291
SIC_INNER_SHOULD_BE_STATIC_ANON,org/eclipse/jetty/docs/programming/client/http/HTTPClientDocs.java,391
SIC_INNER_SHOULD_BE_STATIC_ANON,org/eclipse/jetty/docs/programming/client/http/HTTPClientDocs.java,457
DLS_DEAD_LOCAL_STORE,org/eclipse/jetty/docs/programming/client/http/HTTPClientDocs.java,400
SIC_INNER_SHOULD_BE_STATIC_ANON,org/eclipse/jetty/docs/programming/client/http/HTTPClientDocs.java,320
UMAC_UNCALLABLE_METHOD_OF_ANONYMOUS_CLASS,org/eclipse/jetty/docs/programming/client/http/HTTPClientDocs.java,325
SIC_INNER_SHOULD_BE_STATIC_ANON,org/eclipse/jetty/docs/programming/client/http/HTTPClientDocs.java,567
DLS_DEAD_LOCAL_STORE,org/eclipse/jetty/docs/programming/client/http2/HTTP2ClientDocs.java,84
DLS_DEAD_LOCAL_STORE,org/eclipse/jetty/docs/programming/client/http2/HTTP2ClientDocs.java,105
DLS_DEAD_LOCAL_STORE,org/eclipse/jetty/docs/programming/client/http2/HTTP2ClientDocs.java,301
DLS_DEAD_LOCAL_STORE,org/eclipse/jetty/docs/programming/client/http2/HTTP2ClientDocs.java,363
BC_UNCONFIRMED_CAST_OF_RETURN_VALUE,org/eclipse/jetty/docs/programming/client/http2/HTTP2ClientDocs.java,228
DLS_DEAD_LOCAL_STORE,org/eclipse/jetty/docs/programming/client/http2/HTTP2ClientDocs.java,314
DLS_DEAD_LOCAL_STORE,org/eclipse/jetty/docs/programming/client/http2/HTTP2ClientDocs.java,311
DLS_DEAD_LOCAL_STORE,org/eclipse/jetty/docs/programming/client/http2/HTTP2ClientDocs.java,309
DLS_DEAD_LOCAL_STORE,org/eclipse/jetty/docs/programming/client/http2/HTTP2ClientDocs.java,338
DLS_DEAD_LOCAL_STORE,org/eclipse/jetty/docs/programming/client/http2/HTTP2ClientDocs.java,328
UC_USELESS_VOID_METHOD,org/eclipse/jetty/docs/programming/client/http2/HTTP2ClientDocs.java,330
SIC_INNER_SHOULD_BE_STATIC,org/eclipse/jetty/docs/programming/server/ServerDocs.java,234
SIC_INNER_SHOULD_BE_STATIC,org/eclipse/jetty/docs/programming/server/ServerDocs.java,239
DMI_HARDCODED_ABSOLUTE_FILENAME,org/eclipse/jetty/docs/programming/server/http/HTTPServerDocs.java,634
SIC_INNER_SHOULD_BE_STATIC_ANON,org/eclipse/jetty/docs/programming/server/http/HTTPServerDocs.java,94
SIC_INNER_SHOULD_BE_STATIC_ANON,org/eclipse/jetty/docs/programming/server/http/HTTPServerDocs.java,141
SIC_INNER_SHOULD_BE_STATIC_ANON,org/eclipse/jetty/docs/programming/server/http/HTTPServerDocs.java,352
SIC_INNER_SHOULD_BE_STATIC_ANON,org/eclipse/jetty/docs/programming/server/http/HTTPServerDocs.java,360
DLS_DEAD_LOCAL_STORE,org/eclipse/jetty/docs/programming/server/http/HTTPServerDocs.java,912
SE_BAD_FIELD_INNER_CLASS,org/eclipse/jetty/docs/programming/server/http/HTTPServerDocs.java,889
SE_NO_SERIALVERSIONID,org/eclipse/jetty/docs/programming/server/http/HTTPServerDocs.java,889
SIC_INNER_SHOULD_BE_STATIC_ANON,org/eclipse/jetty/docs/programming/server/http/HTTPServerDocs.java,889
SIC_INNER_SHOULD_BE_STATIC_ANON,org/eclipse/jetty/docs/programming/server/http/HTTPServerDocs.java,452
SIC_INNER_SHOULD_BE_STATIC_ANON,org/eclipse/jetty/docs/programming/server/http/HTTPServerDocs.java,404
SIC_INNER_SHOULD_BE_STATIC_ANON,org/eclipse/jetty/docs/programming/server/http/HTTPServerDocs.java,344
SIC_INNER_SHOULD_BE_STATIC_ANON,org/eclipse/jetty/docs/programming/server/http/HTTPServerDocs.java,390
SIC_INNER_SHOULD_BE_STATIC_ANON,org/eclipse/jetty/docs/programming/server/http/HTTPServerDocs.java,531
SE_BAD_FIELD_INNER_CLASS,org/eclipse/jetty/docs/programming/server/http/HTTPServerDocs.java,569
SE_NO_SERIALVERSIONID,org/eclipse/jetty/docs/programming/server/http/HTTPServerDocs.java,569
SIC_INNER_SHOULD_BE_STATIC_ANON,org/eclipse/jetty/docs/programming/server/http/HTTPServerDocs.java,492
SIC_INNER_SHOULD_BE_STATIC_ANON,org/eclipse/jetty/docs/programming/server/http/HTTPServerDocs.java,113
SIC_INNER_SHOULD_BE_STATIC_ANON,org/eclipse/jetty/docs/programming/server/http/HTTPServerDocs.java,443
SIC_INNER_SHOULD_BE_STATIC_ANON,org/eclipse/jetty/docs/programming/server/http/HTTPServerDocs.java,719
SIC_INNER_SHOULD_BE_STATIC_ANON,org/eclipse/jetty/docs/programming/server/http/HTTPServerDocs.java,521
SIC_INNER_SHOULD_BE_STATIC_ANON,org/eclipse/jetty/docs/programming/server/http/HTTPServerDocs.java,709
DLS_DEAD_LOCAL_STORE,org/eclipse/jetty/docs/programming/server/http2/HTTP2ServerDocs.java,80
DLS_DEAD_LOCAL_STORE,org/eclipse/jetty/docs/programming/server/http2/HTTP2ServerDocs.java,95
DLS_DEAD_LOCAL_STORE,org/eclipse/jetty/docs/programming/server/http2/HTTP2ServerDocs.java,270
DLS_DEAD_LOCAL_STORE,org/eclipse/jetty/docs/programming/server/http2/HTTP2ServerDocs.java,115
DLS_DEAD_LOCAL_STORE,org/eclipse/jetty/docs/programming/server/http2/HTTP2ServerDocs.java,134
DLS_DEAD_LOCAL_STORE,org/eclipse/jetty/docs/programming/server/http2/HTTP2ServerDocs.java,233
DLS_DEAD_LOCAL_STORE,org/eclipse/jetty/docs/programming/server/http2/HTTP2ServerDocs.java,167
DMI_HARDCODED_ABSOLUTE_FILENAME,org/eclipse/jetty/docs/programming/server/http2/HTTP2ServerDocs.java,268
UC_USELESS_VOID_METHOD,org/eclipse/jetty/docs/programming/server/http2/HTTP2ServerDocs.java,90
UC_USELESS_VOID_METHOD,org/eclipse/jetty/docs/programming/server/http2/HTTP2ServerDocs.java,110
UC_USELESS_VOID_METHOD,org/eclipse/jetty/docs/programming/server/http2/HTTP2ServerDocs.java,129
UC_USELESS_VOID_METHOD,org/eclipse/jetty/docs/programming/server/http2/HTTP2ServerDocs.java,162
UC_USELESS_VOID_METHOD,org/eclipse/jetty/docs/programming/server/http2/HTTP2ServerDocs.java,262
UC_USELESS_VOID_METHOD,org/eclipse/jetty/docs/programming/server/http2/HTTP2ServerDocs.java,227
BC_UNCONFIRMED_CAST_OF_RETURN_VALUE,org/eclipse/jetty/docs/programming/server/http2/HTTP2ServerDocs.java,121
DLS_DEAD_LOCAL_STORE,org/eclipse/jetty/docs/programming/server/http2/HTTP2ServerDocs.java,121
BC_UNCONFIRMED_CAST_OF_RETURN_VALUE,org/eclipse/jetty/docs/programming/server/http2/HTTP2ServerDocs.java,139
DLS_DEAD_LOCAL_STORE,org/eclipse/jetty/docs/programming/server/http2/HTTP2ServerDocs.java,139
BC_UNCONFIRMED_CAST_OF_RETURN_VALUE,org/eclipse/jetty/docs/programming/server/http2/HTTP2ServerDocs.java,173
BC_UNCONFIRMED_CAST_OF_RETURN_VALUE,org/eclipse/jetty/docs/programming/server/http2/HTTP2ServerDocs.java,248
DLS_DEAD_LOCAL_STORE,org/eclipse/jetty/docs/programming/server/http2/HTTP2ServerDocs.java,248
BC_UNCONFIRMED_CAST_OF_RETURN_VALUE,org/eclipse/jetty/docs/programming/server/http2/HTTP2ServerDocs.java,288
DLS_DEAD_LOCAL_STORE,org/eclipse/jetty/docs/programming/server/session/SessionDocs.java,292
DMI_HARDCODED_ABSOLUTE_FILENAME,org/eclipse/jetty/docs/programming/server/session/SessionDocs.java,261
DMI_HARDCODED_ABSOLUTE_FILENAME,org/eclipse/jetty/docs/programming/server/session/SessionDocs.java,232
DMI_HARDCODED_ABSOLUTE_FILENAME,org/eclipse/jetty/docs/programming/server/session/SessionDocs.java,203
UC_USELESS_VOID_METHOD,org/eclipse/jetty/docs/programming/server/session/SessionDocs.java,287
BC_UNCONFIRMED_CAST_OF_RETURN_VALUE,org/eclipse/jetty/fcgi/server/HttpChannelOverFCGI.java,186
RV_RETURN_VALUE_IGNORED_BAD_PRACTICE,org/eclipse/jetty/fcgi/server/HttpChannelOverFCGI.java,74
SE_NO_SERIALVERSIONID,org/eclipse/jetty/fcgi/server/proxy/FastCGIProxyServlet.java,69
BC_UNCONFIRMED_CAST,org/eclipse/jetty/fcgi/server/proxy/TryFilesFilter.java,83
RV_RETURN_VALUE_IGNORED_BAD_PRACTICE,org/eclipse/jetty/fcgi/client/http/HttpConnectionOverFCGI.java,233
SIC_INNER_SHOULD_BE_STATIC,org/eclipse/jetty/fcgi/parser/ClientParser.java,60
URF_UNREAD_FIELD,org/eclipse/jetty/fcgi/parser/HeaderParser.java,63
SIC_INNER_SHOULD_BE_STATIC_ANON,org/eclipse/jetty/http2/client/http/ClientConnectionFactoryOverHTTP2.java,83
BC_UNCONFIRMED_CAST,org/eclipse/jetty/http2/client/http/HttpChannelOverHTTP2.java,91
BC_UNCONFIRMED_CAST,org/eclipse/jetty/http2/client/http/HttpChannelOverHTTP2.java,186
BC_UNCONFIRMED_CAST,org/eclipse/jetty/http2/client/http/HttpChannelOverHTTP2.java,207
BC_UNCONFIRMED_CAST,org/eclipse/jetty/http2/client/http/HttpChannelOverHTTP2.java,200
RV_RETURN_VALUE_IGNORED_BAD_PRACTICE,org/eclipse/jetty/http2/client/http/HttpConnectionOverHTTP2.java,164
BC_UNCONFIRMED_CAST_OF_RETURN_VALUE,org/eclipse/jetty/http2/client/http/HttpReceiverOverHTTP2.java,92
BC_UNCONFIRMED_CAST,org/eclipse/jetty/http2/server/AbstractHTTP2ServerConnectionFactory.java,316
BC_UNCONFIRMED_CAST,org/eclipse/jetty/http2/server/AbstractHTTP2ServerConnectionFactory.java,306
BC_UNCONFIRMED_CAST_OF_RETURN_VALUE,org/eclipse/jetty/http2/server/HTTP2ServerConnection.java,100
RI_REDUNDANT_INTERFACES,org/eclipse/jetty/http2/server/HTTP2ServerConnection.java,338
BC_UNCONFIRMED_CAST,org/eclipse/jetty/http2/server/HTTP2ServerSession.java,180
BC_UNCONFIRMED_CAST,org/eclipse/jetty/http2/server/HTTP2ServerSession.java,177
BC_UNCONFIRMED_CAST_OF_RETURN_VALUE,org/eclipse/jetty/http2/server/HTTP2ServerSession.java,98
BC_UNCONFIRMED_CAST_OF_RETURN_VALUE,org/eclipse/jetty/http2/server/HttpChannelOverHTTP2.java,108
MS_PKGPROTECT,org/eclipse/jetty/http2/hpack/AuthorityHttpField.java,24
PZLA_PREFER_ZERO_LENGTH_ARRAYS,org/eclipse/jetty/http2/hpack/HpackContext.java,438
EI_EXPOSE_REP,org/eclipse/jetty/http2/hpack/HpackContext.java,489
BC_UNCONFIRMED_CAST,org/eclipse/jetty/http2/hpack/HpackEncoder.java,191
BC_UNCONFIRMED_CAST,org/eclipse/jetty/http2/hpack/HpackEncoder.java,211
BC_UNCONFIRMED_CAST_OF_RETURN_VALUE,org/eclipse/jetty/http2/hpack/HpackEncoder.java,310
NP_NULL_PARAM_DEREF,org/eclipse/jetty/http2/hpack/HpackEncoder.java,195
EQ_DOESNT_OVERRIDE_EQUALS,org/eclipse/jetty/http2/hpack/StaticTableHttpField.java,1
BC_UNCONFIRMED_CAST,org/eclipse/jetty/http2/client/HTTP2ClientConnectionFactory.java,149
BC_UNCONFIRMED_CAST,org/eclipse/jetty/http2/client/HTTP2ClientConnectionFactory.java,142
SE_COMPARATOR_SHOULD_BE_SERIALIZABLE,org/eclipse/jetty/http2/HTTP2Cipher.java,328
SIC_INNER_SHOULD_BE_STATIC_NEEDS_THIS,org/eclipse/jetty/http2/HTTP2Connection.java,427
RV_RETURN_VALUE_IGNORED,org/eclipse/jetty/http2/HTTP2Flusher.java,322
RV_RETURN_VALUE_IGNORED_BAD_PRACTICE,org/eclipse/jetty/http2/HTTP2Flusher.java,323
RV_RETURN_VALUE_IGNORED_BAD_PRACTICE,org/eclipse/jetty/http2/HTTP2Flusher.java,168
RV_RETURN_VALUE_IGNORED_BAD_PRACTICE,org/eclipse/jetty/http2/HTTP2Flusher.java,68
BC_UNCONFIRMED_CAST_OF_RETURN_VALUE,org/eclipse/jetty/http2/HTTP2Session.java,2195
BC_UNCONFIRMED_CAST_OF_RETURN_VALUE,org/eclipse/jetty/http2/HTTP2Session.java,2105
RV_RETURN_VALUE_IGNORED_BAD_PRACTICE,org/eclipse/jetty/http2/HTTP2Session.java,2213
BC_UNCONFIRMED_CAST,org/eclipse/jetty/http2/HTTP2Stream.java,320
BC_UNCONFIRMED_CAST,org/eclipse/jetty/http2/HTTP2Stream.java,340
BC_UNCONFIRMED_CAST,org/eclipse/jetty/http2/HTTP2Stream.java,315
BC_UNCONFIRMED_CAST,org/eclipse/jetty/http2/HTTP2Stream.java,330
BC_UNCONFIRMED_CAST,org/eclipse/jetty/http2/HTTP2Stream.java,325
BC_UNCONFIRMED_CAST,org/eclipse/jetty/http2/HTTP2Stream.java,335
RV_RETURN_VALUE_IGNORED_BAD_PRACTICE,org/eclipse/jetty/http2/HTTP2Stream.java,403
EI_EXPOSE_REP,org/eclipse/jetty/http2/frames/GoAwayFrame.java,57
EI_EXPOSE_REP2,org/eclipse/jetty/http2/frames/GoAwayFrame.java,33
EI_EXPOSE_REP,org/eclipse/jetty/http2/frames/PingFrame.java,64
EI_EXPOSE_REP2,org/eclipse/jetty/http2/frames/PingFrame.java,56
MS_MUTABLE_ARRAY,org/eclipse/jetty/http2/frames/PrefaceFrame.java,37
MS_MUTABLE_ARRAY,org/eclipse/jetty/http2/frames/PrefaceFrame.java,27
BC_UNCONFIRMED_CAST,org/eclipse/jetty/http2/generator/GoAwayGenerator.java,36
BC_UNCONFIRMED_CAST,org/eclipse/jetty/http2/generator/HeadersGenerator.java,51
BC_UNCONFIRMED_CAST,org/eclipse/jetty/http2/generator/PingGenerator.java,35
BC_UNCONFIRMED_CAST,org/eclipse/jetty/http2/generator/PriorityGenerator.java,35
BC_UNCONFIRMED_CAST,org/eclipse/jetty/http2/generator/PushPromiseGenerator.java,41
BC_UNCONFIRMED_CAST,org/eclipse/jetty/http2/generator/ResetGenerator.java,35
BC_UNCONFIRMED_CAST,org/eclipse/jetty/http2/generator/SettingsGenerator.java,36
BC_UNCONFIRMED_CAST,org/eclipse/jetty/http2/generator/WindowUpdateGenerator.java,35
BC_UNCONFIRMED_CAST_OF_RETURN_VALUE,org/eclipse/jetty/http2/parser/PushPromiseBodyParser.java,122
BC_UNCONFIRMED_CAST,org/eclipse/jetty/session/infinispan/RemoteQueryManagerFactory.java,29
EI_EXPOSE_REP,org/eclipse/jetty/session/infinispan/InfinispanSessionData.java,54
EI_EXPOSE_REP2,org/eclipse/jetty/session/infinispan/InfinispanSessionData.java,59
SE_NO_SERIALVERSIONID,org/eclipse/jetty/session/infinispan/InfinispanSessionData.java,43
BC_UNCONFIRMED_CAST,org/eclipse/jetty/session/infinispan/InfinispanSessionDataStore.java,217
REC_CATCH_EXCEPTION,org/eclipse/jetty/session/infinispan/InfinispanSessionDataStore.java,119
DM_EXIT,org/eclipse/jetty/session/infinispan/InfinispanSessionLegacyConverter.java,171
DM_EXIT,org/eclipse/jetty/session/infinispan/InfinispanSessionLegacyConverter.java,86
SE_NO_SERIALVERSIONID,org/eclipse/jetty/session/infinispan/SessionDataMarshaller.java,34
RI_REDUNDANT_INTERFACES,org/eclipse/jetty/server/AbstractConnector.java,139
EI_EXPOSE_REP2,org/eclipse/jetty/server/CachedContentFactory.java,86
EQ_DOESNT_OVERRIDE_EQUALS,org/eclipse/jetty/server/CachedContentFactory.java,1
SIC_INNER_SHOULD_BE_STATIC_NEEDS_THIS,org/eclipse/jetty/server/CachedContentFactory.java,680
EI_EXPOSE_REP,org/eclipse/jetty/server/Cookies.java,85
EI_EXPOSE_REP2,org/eclipse/jetty/server/Cookies.java,105
EI_EXPOSE_REP,org/eclipse/jetty/server/CustomRequestLog.java,384
EI_EXPOSE_REP2,org/eclipse/jetty/server/CustomRequestLog.java,374
UPM_UNCALLED_PRIVATE_METHOD,org/eclipse/jetty/server/CustomRequestLog.java,430
UPM_UNCALLED_PRIVATE_METHOD,org/eclipse/jetty/server/CustomRequestLog.java,1012
UPM_UNCALLED_PRIVATE_METHOD,org/eclipse/jetty/server/CustomRequestLog.java,1018
UPM_UNCALLED_PRIVATE_METHOD,org/eclipse/jetty/server/CustomRequestLog.java,996
UPM_UNCALLED_PRIVATE_METHOD,org/eclipse/jetty/server/CustomRequestLog.java,1002
UPM_UNCALLED_PRIVATE_METHOD,org/eclipse/jetty/server/CustomRequestLog.java,1028
UPM_UNCALLED_PRIVATE_METHOD,org/eclipse/jetty/server/CustomRequestLog.java,1034
UPM_UNCALLED_PRIVATE_METHOD,org/eclipse/jetty/server/CustomRequestLog.java,937
UPM_UNCALLED_PRIVATE_METHOD,org/eclipse/jetty/server/CustomRequestLog.java,961
UPM_UNCALLED_PRIVATE_METHOD,org/eclipse/jetty/server/CustomRequestLog.java,1217
UPM_UNCALLED_PRIVATE_METHOD,org/eclipse/jetty/server/CustomRequestLog.java,1082
UPM_UNCALLED_PRIVATE_METHOD,org/eclipse/jetty/server/CustomRequestLog.java,1088
UPM_UNCALLED_PRIVATE_METHOD,org/eclipse/jetty/server/CustomRequestLog.java,1115
UPM_UNCALLED_PRIVATE_METHOD,org/eclipse/jetty/server/CustomRequestLog.java,1173
UPM_UNCALLED_PRIVATE_METHOD,org/eclipse/jetty/server/CustomRequestLog.java,1185
UPM_UNCALLED_PRIVATE_METHOD,org/eclipse/jetty/server/CustomRequestLog.java,1192
UPM_UNCALLED_PRIVATE_METHOD,org/eclipse/jetty/server/CustomRequestLog.java,943
UPM_UNCALLED_PRIVATE_METHOD,org/eclipse/jetty/server/CustomRequestLog.java,967
UPM_UNCALLED_PRIVATE_METHOD,org/eclipse/jetty/server/CustomRequestLog.java,926
UPM_UNCALLED_PRIVATE_METHOD,org/eclipse/jetty/server/CustomRequestLog.java,1137
UPM_UNCALLED_PRIVATE_METHOD,org/eclipse/jetty/server/CustomRequestLog.java,949
UPM_UNCALLED_PRIVATE_METHOD,org/eclipse/jetty/server/CustomRequestLog.java,973
UPM_UNCALLED_PRIVATE_METHOD,org/eclipse/jetty/server/CustomRequestLog.java,1199
UPM_UNCALLED_PRIVATE_METHOD,org/eclipse/jetty/server/CustomRequestLog.java,1205
UPM_UNCALLED_PRIVATE_METHOD,org/eclipse/jetty/server/CustomRequestLog.java,1044
UPM_UNCALLED_PRIVATE_METHOD,org/eclipse/jetty/server/CustomRequestLog.java,1063
UPM_UNCALLED_PRIVATE_METHOD,org/eclipse/jetty/server/CustomRequestLog.java,1143
UPM_UNCALLED_PRIVATE_METHOD,org/eclipse/jetty/server/CustomRequestLog.java,1153
UPM_UNCALLED_PRIVATE_METHOD,org/eclipse/jetty/server/CustomRequestLog.java,1109
UPM_UNCALLED_PRIVATE_METHOD,org/eclipse/jetty/server/CustomRequestLog.java,1125
UPM_UNCALLED_PRIVATE_METHOD,org/eclipse/jetty/server/CustomRequestLog.java,1103
UPM_UNCALLED_PRIVATE_METHOD,org/eclipse/jetty/server/CustomRequestLog.java,1165
UPM_UNCALLED_PRIVATE_METHOD,org/eclipse/jetty/server/CustomRequestLog.java,1223
UPM_UNCALLED_PRIVATE_METHOD,org/eclipse/jetty/server/CustomRequestLog.java,1131
UPM_UNCALLED_PRIVATE_METHOD,org/eclipse/jetty/server/CustomRequestLog.java,979
UPM_UNCALLED_PRIVATE_METHOD,org/eclipse/jetty/server/CustomRequestLog.java,986
UPM_UNCALLED_PRIVATE_METHOD,org/eclipse/jetty/server/CustomRequestLog.java,1159
UPM_UNCALLED_PRIVATE_METHOD,org/eclipse/jetty/server/CustomRequestLog.java,1233
UPM_UNCALLED_PRIVATE_METHOD,org/eclipse/jetty/server/CustomRequestLog.java,931
UPM_UNCALLED_PRIVATE_METHOD,org/eclipse/jetty/server/CustomRequestLog.java,955
UPM_UNCALLED_PRIVATE_METHOD,org/eclipse/jetty/server/CustomRequestLog.java,1211
UPM_UNCALLED_PRIVATE_METHOD,org/eclipse/jetty/server/CustomRequestLog.java,563
DM_DEFAULT_ENCODING,org/eclipse/jetty/server/DebugListener.java,75
BC_UNCONFIRMED_CAST,org/eclipse/jetty/server/DebugListener.java,222
BC_UNCONFIRMED_CAST,org/eclipse/jetty/server/DebugListener.java,214
BC_UNCONFIRMED_CAST,org/eclipse/jetty/server/DebugListener.java,206
BC_UNCONFIRMED_CAST,org/eclipse/jetty/server/DebugListener.java,198
SF_SWITCH_NO_DEFAULT,org/eclipse/jetty/server/ForwardedRequestCustomizer.java,889
MS_SHOULD_BE_FINAL,org/eclipse/jetty/server/HttpChannel.java,69
MS_SHOULD_BE_FINAL,org/eclipse/jetty/server/HttpChannelListeners.java,31
REC_CATCH_EXCEPTION,org/eclipse/jetty/server/HttpChannelListeners.java,119
URF_UNREAD_PUBLIC_OR_PROTECTED_FIELD,org/eclipse/jetty/server/HttpChannelListeners.java,31
RCN_REDUNDANT_NULLCHECK_OF_NULL_VALUE,org/eclipse/jetty/server/HttpChannelOverHttp.java,94
SIC_INNER_SHOULD_BE_STATIC_ANON,org/eclipse/jetty/server/HttpChannelState.java,534
SIC_INNER_SHOULD_BE_STATIC_ANON,org/eclipse/jetty/server/HttpChannelState.java,644
RCN_REDUNDANT_NULLCHECK_OF_NONNULL_VALUE,org/eclipse/jetty/server/HttpOutput.java,621
REC_CATCH_EXCEPTION,org/eclipse/jetty/server/InclusiveByteRange.java,239
DM_CONVERT_CASE,org/eclipse/jetty/server/LocalConnector.java,198
DM_CONVERT_CASE,org/eclipse/jetty/server/LocalConnector.java,150
REC_CATCH_EXCEPTION,org/eclipse/jetty/server/MultiPartFormInputStream.java,739
PZLA_PREFER_ZERO_LENGTH_ARRAYS,org/eclipse/jetty/server/MultiPartFormInputStream.java,296
PZLA_PREFER_ZERO_LENGTH_ARRAYS,org/eclipse/jetty/server/ProxyConnectionFactory.java,791
BC_UNCONFIRMED_CAST_OF_RETURN_VALUE,org/eclipse/jetty/server/Request.java,357
DM_CONVERT_CASE,org/eclipse/jetty/server/Request.java,264
PZLA_PREFER_ZERO_LENGTH_ARRAYS,org/eclipse/jetty/server/Request.java,833
PZLA_PREFER_ZERO_LENGTH_ARRAYS,org/eclipse/jetty/server/Request.java,1069
SIC_INNER_SHOULD_BE_STATIC_ANON,org/eclipse/jetty/server/Request.java,1166
SIC_INNER_SHOULD_BE_STATIC_ANON,org/eclipse/jetty/server/Request.java,2433
SIC_INNER_SHOULD_BE_STATIC_ANON,org/eclipse/jetty/server/Request.java,2462
DM_DEFAULT_ENCODING,org/eclipse/jetty/server/RequestLogWriter.java,201
EI_EXPOSE_REP2,org/eclipse/jetty/server/ResourceContentFactory.java,44
EI_EXPOSE_REP,org/eclipse/jetty/server/ResourceService.java,136
EI_EXPOSE_REP2,org/eclipse/jetty/server/ResourceService.java,141
HRS_REQUEST_PARAMETER_TO_HTTP_HEADER,org/eclipse/jetty/server/ResourceService.java,396
NP_NULL_ON_SOME_PATH,org/eclipse/jetty/server/ResourceService.java,184
NM_CONFUSING,org/eclipse/jetty/server/Response.java,443
NM_CONFUSING,org/eclipse/jetty/server/Response.java,345
NP_NULL_ON_SOME_PATH_MIGHT_BE_INFEASIBLE,org/eclipse/jetty/server/ResponseWriter.java,67
REC_CATCH_EXCEPTION,org/eclipse/jetty/server/Server.java,755
PZLA_PREFER_ZERO_LENGTH_ARRAYS,org/eclipse/jetty/server/ServletRequestHttpWrapper.java,51
DM_DEFAULT_ENCODING,org/eclipse/jetty/server/ShutdownMonitor.java,342
DM_EXIT,org/eclipse/jetty/server/ShutdownMonitor.java,370
RCN_REDUNDANT_NULLCHECK_OF_NONNULL_VALUE,org/eclipse/jetty/server/ShutdownMonitor.java,340
UWF_FIELD_NOT_INITIALIZED_IN_CONSTRUCTOR,org/eclipse/jetty/server/Slf4jRequestLogWriter.java,57
BC_UNCONFIRMED_CAST,org/eclipse/jetty/jndi/ContextFactory.java,205
NP_LOAD_OF_KNOWN_NULL_VALUE,org/eclipse/jetty/jndi/ContextFactory.java,161
RCN_REDUNDANT_NULLCHECK_OF_NONNULL_VALUE,org/eclipse/jetty/jndi/ContextFactory.java,142
RCN_REDUNDANT_NULLCHECK_OF_NULL_VALUE,org/eclipse/jetty/jndi/ContextFactory.java,161
REC_CATCH_EXCEPTION,org/eclipse/jetty/jndi/DataSourceCloser.java,81
SQL_NONCONSTANT_STRING_PASSED_TO_EXECUTE,org/eclipse/jetty/jndi/DataSourceCloser.java,66
NM_SAME_SIMPLE_NAME_AS_INTERFACE,org/eclipse/jetty/jndi/InitialContextFactory.java,36
EI_EXPOSE_REP,org/eclipse/jetty/jndi/NamingContext.java,935
DM_DEFAULT_ENCODING,org/eclipse/jetty/security/openid/JwtDecoder.java,78
BC_UNCONFIRMED_CAST,org/eclipse/jetty/security/openid/OpenIdAuthenticator.java,234
SE_NO_SERIALVERSIONID,org/eclipse/jetty/security/openid/OpenIdAuthenticator.java,509
REC_CATCH_EXCEPTION,org/eclipse/jetty/security/openid/OpenIdConfiguration.java,144
RV_RETURN_VALUE_IGNORED,org/eclipse/jetty/io/ByteArrayEndPoint.java,391
RI_REDUNDANT_INTERFACES,org/eclipse/jetty/io/ManagedSelector.java,64
RV_RETURN_VALUE_IGNORED,org/eclipse/jetty/io/ManagedSelector.java,768
RI_REDUNDANT_INTERFACES,org/eclipse/jetty/io/SelectorManager.java,56
BC_UNCONFIRMED_CAST_OF_RETURN_VALUE,org/eclipse/jetty/io/WriteFlusher.java,364
BC_UNCONFIRMED_CAST_OF_RETURN_VALUE,org/eclipse/jetty/io/WriteFlusher.java,315
BC_UNCONFIRMED_CAST_OF_RETURN_VALUE,org/eclipse/jetty/io/WriteFlusher.java,495
PZLA_PREFER_ZERO_LENGTH_ARRAYS,org/eclipse/jetty/io/WriteFlusher.java,432
DM_DEFAULT_ENCODING,org/eclipse/jetty/io/WriterOutputStream.java,63
DM_DEFAULT_ENCODING,org/eclipse/jetty/io/WriterOutputStream.java,73
RV_RETURN_VALUE_IGNORED_BAD_PRACTICE,org/eclipse/jetty/maven/plugin/AbstractUnassembledWebAppMojo.java,133
UWF_FIELD_NOT_INITIALIZED_IN_CONSTRUCTOR,org/eclipse/jetty/maven/plugin/AbstractUnassembledWebAppMojo.java,132
UWF_FIELD_NOT_INITIALIZED_IN_CONSTRUCTOR,org/eclipse/jetty/maven/plugin/AbstractUnassembledWebAppMojo.java,79
DP_CREATE_CLASSLOADER_INSIDE_DO_PRIVILEGED,org/eclipse/jetty/maven/plugin/AbstractWebAppMojo.java,640
REC_CATCH_EXCEPTION,org/eclipse/jetty/maven/plugin/AbstractWebAppMojo.java,590
RV_RETURN_VALUE_IGNORED_BAD_PRACTICE,org/eclipse/jetty/maven/plugin/AbstractWebAppMojo.java,848
RV_RETURN_VALUE_IGNORED_BAD_PRACTICE,org/eclipse/jetty/maven/plugin/AbstractWebAppMojo.java,847
URF_UNREAD_PUBLIC_OR_PROTECTED_FIELD,org/eclipse/jetty/maven/plugin/JettyRunMojo.java,331
WMI_WRONG_MAP_ITERATOR,org/eclipse/jetty/maven/plugin/AbstractWebAppMojo.java,588
UI_INHERITANCE_UNSAFE_GETRESOURCE,org/eclipse/jetty/maven/plugin/HelpMojo.java,72
OBL_UNSATISFIED_OBLIGATION,org/eclipse/jetty/maven/plugin/JettyForkedChild.java,179
OS_OPEN_STREAM,org/eclipse/jetty/maven/plugin/JettyForkedChild.java,179
RV_RETURN_VALUE_IGNORED_BAD_PRACTICE,org/eclipse/jetty/maven/plugin/JettyForkedChild.java,197
RCN_REDUNDANT_NULLCHECK_OF_NONNULL_VALUE,org/eclipse/jetty/maven/plugin/JettyForker.java,140
UWF_FIELD_NOT_INITIALIZED_IN_CONSTRUCTOR,org/eclipse/jetty/maven/plugin/JettyForker.java,129
UWF_FIELD_NOT_INITIALIZED_IN_CONSTRUCTOR,org/eclipse/jetty/maven/plugin/JettyForker.java,184
DM_STRING_TOSTRING,org/eclipse/jetty/maven/plugin/JettyHomeForker.java,224
EI_EXPOSE_REP,org/eclipse/jetty/maven/plugin/JettyHomeForker.java,117
EI_EXPOSE_REP2,org/eclipse/jetty/maven/plugin/JettyHomeForker.java,122
RV_RETURN_VALUE_IGNORED_BAD_PRACTICE,org/eclipse/jetty/maven/plugin/JettyHomeForker.java,289
RV_RETURN_VALUE_IGNORED_BAD_PRACTICE,org/eclipse/jetty/maven/plugin/JettyHomeForker.java,267
SIC_INNER_SHOULD_BE_STATIC_ANON,org/eclipse/jetty/maven/plugin/JettyHomeForker.java,302
UWF_FIELD_NOT_INITIALIZED_IN_CONSTRUCTOR,org/eclipse/jetty/maven/plugin/JettyRunMojo.java,341
UWF_FIELD_NOT_INITIALIZED_IN_CONSTRUCTOR,org/eclipse/jetty/maven/plugin/JettyRunMojo.java,363
UWF_FIELD_NOT_INITIALIZED_IN_CONSTRUCTOR,org/eclipse/jetty/maven/plugin/JettyRunMojo.java,390
UWF_FIELD_NOT_INITIALIZED_IN_CONSTRUCTOR,org/eclipse/jetty/maven/plugin/JettyRunWarMojo.java,238
UWF_FIELD_NOT_INITIALIZED_IN_CONSTRUCTOR,org/eclipse/jetty/maven/plugin/JettyRunWarMojo.java,259
UWF_FIELD_NOT_INITIALIZED_IN_CONSTRUCTOR,org/eclipse/jetty/maven/plugin/JettyRunWarMojo.java,281
UWF_FIELD_NOT_INITIALIZED_IN_CONSTRUCTOR,org/eclipse/jetty/maven/plugin/JettyRunWarMojo.java,193
DM_DEFAULT_ENCODING,org/eclipse/jetty/maven/plugin/JettyStopMojo.java,87
DM_DEFAULT_ENCODING,org/eclipse/jetty/maven/plugin/JettyStopMojo.java,78
BC_UNCONFIRMED_CAST,org/eclipse/jetty/maven/plugin/MavenMetaInfConfiguration.java,94
BC_UNCONFIRMED_CAST,org/eclipse/jetty/maven/plugin/MavenMetaInfConfiguration.java,59
MS_SHOULD_BE_FINAL,org/eclipse/jetty/maven/plugin/MavenMetaInfConfiguration.java,38
MS_SHOULD_BE_FINAL,org/eclipse/jetty/maven/plugin/MavenServerConnector.java,41
UWF_FIELD_NOT_INITIALIZED_IN_CONSTRUCTOR,org/eclipse/jetty/maven/plugin/MavenServerConnector.java,113
UWF_FIELD_NOT_INITIALIZED_IN_CONSTRUCTOR,org/eclipse/jetty/maven/plugin/MavenServerConnector.java,211
RCN_REDUNDANT_NULLCHECK_OF_NONNULL_VALUE,org/eclipse/jetty/maven/plugin/MavenWebAppContext.java,378
BC_UNCONFIRMED_CAST,org/eclipse/jetty/maven/plugin/MavenWebInfConfiguration.java,52
EQ_DOESNT_OVERRIDE_EQUALS,org/eclipse/jetty/maven/plugin/SelectiveJarResource.java,1
MS_MUTABLE_COLLECTION_PKGPROTECT,org/eclipse/jetty/maven/plugin/SelectiveJarResource.java,50
RV_RETURN_VALUE_IGNORED_BAD_PRACTICE,org/eclipse/jetty/maven/plugin/SelectiveJarResource.java,205
RV_RETURN_VALUE_IGNORED_BAD_PRACTICE,org/eclipse/jetty/maven/plugin/SelectiveJarResource.java,161
RV_RETURN_VALUE_IGNORED_BAD_PRACTICE,org/eclipse/jetty/maven/plugin/SelectiveJarResource.java,189
BC_UNCONFIRMED_CAST,org/eclipse/jetty/maven/plugin/ServerConnectorListener.java,70
REC_CATCH_EXCEPTION,org/eclipse/jetty/maven/plugin/ServerConnectorListener.java,62
RV_RETURN_VALUE_IGNORED_BAD_PRACTICE,org/eclipse/jetty/maven/plugin/ServerListener.java,53
BC_VACUOUS_INSTANCEOF,org/eclipse/jetty/maven/plugin/WebAppPropertyConverter.java,108
MS_SHOULD_BE_FINAL,org/eclipse/jetty/maven/plugin/WebAppPropertyConverter.java,48
MS_SHOULD_BE_FINAL,org/eclipse/jetty/maven/plugin/WebAppPropertyConverter.java,50
MS_SHOULD_BE_FINAL,org/eclipse/jetty/maven/plugin/WebAppPropertyConverter.java,45
MS_SHOULD_BE_FINAL,org/eclipse/jetty/maven/plugin/WebAppPropertyConverter.java,44
MS_SHOULD_BE_FINAL,org/eclipse/jetty/maven/plugin/WebAppPropertyConverter.java,53
MS_SHOULD_BE_FINAL,org/eclipse/jetty/maven/plugin/WebAppPropertyConverter.java,52
MS_SHOULD_BE_FINAL,org/eclipse/jetty/maven/plugin/WebAppPropertyConverter.java,54
MS_SHOULD_BE_FINAL,org/eclipse/jetty/maven/plugin/WebAppPropertyConverter.java,43
MS_SHOULD_BE_FINAL,org/eclipse/jetty/maven/plugin/WebAppPropertyConverter.java,51
MS_SHOULD_BE_FINAL,org/eclipse/jetty/maven/plugin/WebAppPropertyConverter.java,46
MS_SHOULD_BE_FINAL,org/eclipse/jetty/maven/plugin/WebAppPropertyConverter.java,47
MS_SHOULD_BE_FINAL,org/eclipse/jetty/maven/plugin/WebAppPropertyConverter.java,49
MS_SHOULD_BE_FINAL,org/eclipse/jetty/maven/plugin/WebAppPropertyConverter.java,42
RV_RETURN_VALUE_IGNORED_BAD_PRACTICE,org/eclipse/jetty/maven/plugin/WebAppPropertyConverter.java,78
RV_RETURN_VALUE_IGNORED_BAD_PRACTICE,org/eclipse/jetty/maven/plugin/WebAppPropertyConverter.java,76
SIO_SUPERFLUOUS_INSTANCEOF,org/eclipse/jetty/maven/plugin/WebAppPropertyConverter.java,108
DM_DEFAULT_ENCODING,org/eclipse/jetty/start/BaseBuilder.java,212
DM_DEFAULT_ENCODING,org/eclipse/jetty/start/BaseBuilder.java,233
DM_EXIT,org/eclipse/jetty/start/BaseBuilder.java,160
OS_OPEN_STREAM,org/eclipse/jetty/start/BaseBuilder.java,197
SIC_INNER_SHOULD_BE_STATIC_ANON,org/eclipse/jetty/start/BaseBuilder.java,187
UWF_FIELD_NOT_INITIALIZED_IN_CONSTRUCTOR,org/eclipse/jetty/start/BaseHome.java,69
UWF_FIELD_NOT_INITIALIZED_IN_CONSTRUCTOR,org/eclipse/jetty/start/BaseHome.java,64
UWF_FIELD_NOT_INITIALIZED_IN_CONSTRUCTOR,org/eclipse/jetty/start/BaseHome.java,101
DP_CREATE_CLASSLOADER_INSIDE_DO_PRIVILEGED,org/eclipse/jetty/start/Classpath.java,154
NP_NULL_ON_SOME_PATH_FROM_RETURN_VALUE,org/eclipse/jetty/start/FS.java,173
NP_NULL_ON_SOME_PATH_FROM_RETURN_VALUE,org/eclipse/jetty/start/FS.java,204
URF_UNREAD_PUBLIC_OR_PROTECTED_FIELD,org/eclipse/jetty/start/FileArg.java,34
DM_CONVERT_CASE,org/eclipse/jetty/start/FileInitializer.java,42
DM_CONVERT_CASE,org/eclipse/jetty/start/FileInitializer.java,51
NP_NULL_ON_SOME_PATH_FROM_RETURN_VALUE,org/eclipse/jetty/start/FileInitializer.java,125
NP_NULL_ON_SOME_PATH_FROM_RETURN_VALUE,org/eclipse/jetty/start/FileInitializer.java,126
NP_NULL_PARAM_DEREF,org/eclipse/jetty/start/FileInitializer.java,116
DM_DEFAULT_ENCODING,org/eclipse/jetty/start/Licensing.java,90
DM_DEFAULT_ENCODING,org/eclipse/jetty/start/Main.java,657
DM_DEFAULT_ENCODING,org/eclipse/jetty/start/Main.java,602
DM_DEFAULT_ENCODING,org/eclipse/jetty/start/Main.java,596
DM_EXIT,org/eclipse/jetty/start/Main.java,487
DM_EXIT,org/eclipse/jetty/start/Main.java,619
DM_EXIT,org/eclipse/jetty/start/Main.java,646
SIC_INNER_SHOULD_BE_STATIC_ANON,org/eclipse/jetty/start/Main.java,116
SIC_INNER_SHOULD_BE_STATIC_ANON,org/eclipse/jetty/start/Main.java,473
UWF_FIELD_NOT_INITIALIZED_IN_CONSTRUCTOR,org/eclipse/jetty/start/Main.java,158
UWF_FIELD_NOT_INITIALIZED_IN_CONSTRUCTOR,org/eclipse/jetty/start/Main.java,440
VA_FORMAT_STRING_USES_NEWLINE,org/eclipse/jetty/start/Main.java,158
RCN_REDUNDANT_NULLCHECK_OF_NONNULL_VALUE,org/eclipse/jetty/start/Module.java,350
NP_NULL_ON_SOME_PATH_FROM_RETURN_VALUE,org/eclipse/jetty/start/ModuleGraphWriter.java,122
RCN_REDUNDANT_NULLCHECK_OF_NONNULL_VALUE,org/eclipse/jetty/start/ModuleGraphWriter.java,75
OBL_UNSATISFIED_OBLIGATION,org/eclipse/jetty/start/Modules.java,73
OS_OPEN_STREAM,org/eclipse/jetty/start/Modules.java,73
SE_COMPARATOR_SHOULD_BE_SERIALIZABLE,org/eclipse/jetty/start/NaturalSort.java,40
SE_COMPARATOR_SHOULD_BE_SERIALIZABLE,org/eclipse/jetty/start/NaturalSort.java,27
SE_COMPARATOR_SHOULD_BE_SERIALIZABLE,org/eclipse/jetty/start/NaturalSort.java,53
SIC_INNER_SHOULD_BE_STATIC,org/eclipse/jetty/start/RawArgs.java,31
OS_OPEN_STREAM,org/eclipse/jetty/start/StartArgs.java,409
RCN_REDUNDANT_NULLCHECK_OF_NONNULL_VALUE,org/eclipse/jetty/start/StartArgs.java,814
RCN_REDUNDANT_NULLCHECK_OF_NONNULL_VALUE,org/eclipse/jetty/start/StartArgs.java,1231
NP_NULL_ON_SOME_PATH_FROM_RETURN_VALUE,org/eclipse/jetty/start/StartIni.java,71
NP_NULL_ON_SOME_PATH_FROM_RETURN_VALUE,org/eclipse/jetty/start/StartIni.java,75
NP_NULL_ON_SOME_PATH_FROM_RETURN_VALUE,org/eclipse/jetty/start/StartIni.java,86
DM_DEFAULT_ENCODING,org/eclipse/jetty/start/StartLog.java,172
NP_NULL_ON_SOME_PATH_FROM_RETURN_VALUE,org/eclipse/jetty/start/StartLog.java,154
ST_WRITE_TO_STATIC_FROM_INSTANCE_METHOD,org/eclipse/jetty/start/StartLog.java,174
ST_WRITE_TO_STATIC_FROM_INSTANCE_METHOD,org/eclipse/jetty/start/StartLog.java,173
RCN_REDUNDANT_NULLCHECK_OF_NONNULL_VALUE,org/eclipse/jetty/start/TextFile.java,51
EQ_COMPARETO_USE_OBJECT_EQUALS,org/eclipse/jetty/start/Version.java,88
URF_UNREAD_FIELD,org/eclipse/jetty/start/Version.java,58
DM_DEFAULT_ENCODING,org/eclipse/jetty/http/spi/HttpSpiContextHandler.java,88
EQ_CHECK_FOR_OPERAND_NOT_COMPATIBLE_WITH_THIS,org/eclipse/jetty/http/spi/JettyHttpExchange.java,84
EQ_CHECK_FOR_OPERAND_NOT_COMPATIBLE_WITH_THIS,org/eclipse/jetty/http/spi/JettyHttpsExchange.java,88
NP_NULL_ON_SOME_PATH_FROM_RETURN_VALUE,org/eclipse/jetty/xml/XmlConfiguration.java,180
NP_NULL_ON_SOME_PATH_FROM_RETURN_VALUE,org/eclipse/jetty/xml/XmlConfiguration.java,181
PZLA_PREFER_ZERO_LENGTH_ARRAYS,org/eclipse/jetty/xml/XmlConfiguration.java,1683
REC_CATCH_EXCEPTION,org/eclipse/jetty/xml/XmlParser.java,120
UC_USELESS_CONDITION,org/eclipse/jetty/xml/XmlParser.java,104
EI_EXPOSE_REP,org/eclipse/jetty/xml/XmlParser.java,555
RCN_REDUNDANT_NULLCHECK_OF_NONNULL_VALUE,org/eclipse/jetty/xml/XmlParser.java,681
RCN_REDUNDANT_NULLCHECK_OF_NONNULL_VALUE,org/eclipse/jetty/xml/XmlParser.java,715
BC_UNCONFIRMED_CAST,org/eclipse/jetty/security/ConfigurableSpnegoLoginService.java,174
SE_NO_SERIALVERSIONID,org/eclipse/jetty/security/ConfigurableSpnegoLoginService.java,316
SE_TRANSIENT_FIELD_NOT_RESTORED,org/eclipse/jetty/security/ConfigurableSpnegoLoginService.java,-1
EI_EXPOSE_REP,org/eclipse/jetty/security/ConstraintMapping.java,85
EI_EXPOSE_REP2,org/eclipse/jetty/security/ConstraintMapping.java,80
EI_EXPOSE_REP2,org/eclipse/jetty/security/DefaultUserIdentity.java,34
BC_UNCONFIRMED_CAST,org/eclipse/jetty/security/JDBCLoginService.java,203
RCN_REDUNDANT_NULLCHECK_OF_NONNULL_VALUE,org/eclipse/jetty/security/JDBCLoginService.java,215
RCN_REDUNDANT_NULLCHECK_OF_NONNULL_VALUE,org/eclipse/jetty/security/JDBCLoginService.java,212
RCN_REDUNDANT_NULLCHECK_OF_NONNULL_VALUE,org/eclipse/jetty/security/JDBCLoginService.java,176
RCN_REDUNDANT_NULLCHECK_OF_NONNULL_VALUE,org/eclipse/jetty/security/JDBCLoginService.java,173
SQL_PREPARED_STATEMENT_GENERATED_FROM_NONCONSTANT_STRING,org/eclipse/jetty/security/JDBCLoginService.java,212
SQL_PREPARED_STATEMENT_GENERATED_FROM_NONCONSTANT_STRING,org/eclipse/jetty/security/JDBCLoginService.java,173
SE_BAD_FIELD_INNER_CLASS,org/eclipse/jetty/security/JDBCLoginService.java,63
SE_NO_SERIALVERSIONID,org/eclipse/jetty/security/JDBCLoginService.java,63
SIC_INNER_SHOULD_BE_STATIC,org/eclipse/jetty/security/JDBCLoginService.java,63
REC_CATCH_EXCEPTION,org/eclipse/jetty/security/PropertyUserStore.java,103
NP_LOAD_OF_KNOWN_NULL_VALUE,org/eclipse/jetty/security/SecurityHandler.java,627
DM_DEFAULT_ENCODING,org/eclipse/jetty/security/SpnegoUserPrincipal.java,53
EI_EXPOSE_REP,org/eclipse/jetty/security/SpnegoUserPrincipal.java,47
EI_EXPOSE_REP2,org/eclipse/jetty/security/SpnegoUserPrincipal.java,34
SE_NO_SERIALVERSIONID,org/eclipse/jetty/security/UserAuthentication.java,26
SIC_INNER_SHOULD_BE_STATIC,org/eclipse/jetty/security/UserStore.java,37
SE_NO_SERIALVERSIONID,org/eclipse/jetty/nosql/NoSqlSessionDataStore.java,31
SIC_INNER_SHOULD_BE_STATIC,org/eclipse/jetty/nosql/NoSqlSessionDataStore.java,31
BC_UNCONFIRMED_CAST,org/eclipse/jetty/nosql/mongodb/MongoSessionDataStore.java,469
BC_UNCONFIRMED_CAST_OF_RETURN_VALUE,org/eclipse/jetty/nosql/mongodb/MongoSessionDataStore.java,216
REC_CATCH_EXCEPTION,org/eclipse/jetty/nosql/mongodb/MongoSessionDataStore.java,257
CN_IDIOM,org/eclipse/jetty/util/ArrayUtil.java,25
RCN_REDUNDANT_NULLCHECK_OF_NONNULL_VALUE,org/eclipse/jetty/util/ArrayUtil.java,37
SE_NO_SERIALVERSIONID,org/eclipse/jetty/util/ArrayUtil.java,25
SE_NO_SERIALVERSIONID,org/eclipse/jetty/util/AsciiLowerCaseSet.java,18
SE_NO_SERIALVERSIONID,org/eclipse/jetty/util/AtomicBiInteger.java,25
IT_NO_SUCH_ELEMENT,org/eclipse/jetty/util/BlockingArrayQueue.java,854
EI_EXPOSE_REP,org/eclipse/jetty/util/ByteArrayISO8859Writer.java,89
EI_EXPOSE_REP2,org/eclipse/jetty/util/ByteArrayISO8859Writer.java,58
EI_EXPOSE_REP,org/eclipse/jetty/util/ByteArrayOutputStream2.java,36
DP_CREATE_CLASSLOADER_INSIDE_DO_PRIVILEGED,org/eclipse/jetty/util/ClassLoadingObjectInputStream.java,32
RV_RETURN_VALUE_IGNORED_INFERRED,org/eclipse/jetty/util/DateCache.java,144
SE_NO_SERIALVERSIONID,org/eclipse/jetty/util/HostMap.java,23
DM_DEFAULT_ENCODING,org/eclipse/jetty/util/IO.java,330
MS_PKGPROTECT,org/eclipse/jetty/util/IO.java,51
RV_RETURN_VALUE_IGNORED_BAD_PRACTICE,org/eclipse/jetty/util/IO.java,252
NP_BOOLEAN_RETURN_NULL,org/eclipse/jetty/util/IncludeExcludeSet.java,178
RI_REDUNDANT_INTERFACES,org/eclipse/jetty/util/InetAddressSet.java,34
REC_CATCH_EXCEPTION,org/eclipse/jetty/util/Jetty.java,48
CN_IDIOM,org/eclipse/jetty/util/LazyList.java,61
SE_NO_SERIALVERSIONID,org/eclipse/jetty/util/LazyList.java,61
RV_RETURN_VALUE_IGNORED_NO_SIDE_EFFECT,org/eclipse/jetty/util/MathUtils.java,33
DE_MIGHT_IGNORE,org/eclipse/jetty/util/MemoryUtils.java,41
BC_UNCONFIRMED_CAST,org/eclipse/jetty/util/MultiException.java,200
SE_NO_SERIALVERSIONID,org/eclipse/jetty/util/MultiMap.java,33
SE_INNER_CLASS,org/eclipse/jetty/util/MultiMap.java,354
NP_NULL_ON_SOME_PATH_FROM_RETURN_VALUE,org/eclipse/jetty/util/PathWatcher.java,785
NP_NULL_ON_SOME_PATH_FROM_RETURN_VALUE,org/eclipse/jetty/util/PathWatcher.java,789
NP_NULL_ON_SOME_PATH_FROM_RETURN_VALUE,org/eclipse/jetty/util/PathWatcher.java,794
SE_NO_SERIALVERSIONID,org/eclipse/jetty/util/PathWatcher.java,1371
NP_NULL_ON_SOME_PATH_FROM_RETURN_VALUE,org/eclipse/jetty/util/RolloverFileOutputStream.java,328
RV_RETURN_VALUE_IGNORED_BAD_PRACTICE,org/eclipse/jetty/util/RolloverFileOutputStream.java,336
SE_NO_SERIALVERSIONID,org/eclipse/jetty/util/Scanner.java,91
URF_UNREAD_FIELD,org/eclipse/jetty/util/Scanner.java,159
DM_DEFAULT_ENCODING,org/eclipse/jetty/util/StringUtil.java,806
PZLA_PREFER_ZERO_LENGTH_ARRAYS,org/eclipse/jetty/util/StringUtil.java,934
PZLA_PREFER_ZERO_LENGTH_ARRAYS,org/eclipse/jetty/util/StringUtil.java,949
SE_COMPARATOR_SHOULD_BE_SERIALIZABLE,org/eclipse/jetty/util/TopologicalSort.java,183
DM_DEFAULT_ENCODING,org/eclipse/jetty/util/TypeUtil.java,397
RCN_REDUNDANT_NULLCHECK_OF_NONNULL_VALUE,org/eclipse/jetty/util/TypeUtil.java,645
REC_CATCH_EXCEPTION,org/eclipse/jetty/util/TypeUtil.java,178
RV_RETURN_VALUE_IGNORED_NO_SIDE_EFFECT,org/eclipse/jetty/util/TypeUtil.java,501
CN_IDIOM,org/eclipse/jetty/util/URIUtil.java,39
RCN_REDUNDANT_NULLCHECK_OF_NONNULL_VALUE,org/eclipse/jetty/util/Uptime.java,55
DLS_DEAD_LOCAL_STORE,org/eclipse/jetty/util/UrlEncoded.java,61
RCN_REDUNDANT_NULLCHECK_OF_NONNULL_VALUE,org/eclipse/jetty/util/UrlEncoded.java,583
RCN_REDUNDANT_NULLCHECK_OF_NONNULL_VALUE,org/eclipse/jetty/util/UrlEncoded.java,237
RCN_REDUNDANT_NULLCHECK_OF_NONNULL_VALUE,org/eclipse/jetty/util/UrlEncoded.java,203
RCN_REDUNDANT_NULLCHECK_OF_NONNULL_VALUE,org/eclipse/jetty/util/UrlEncoded.java,438
RCN_REDUNDANT_NULLCHECK_OF_NONNULL_VALUE,org/eclipse/jetty/util/UrlEncoded.java,277
SF_SWITCH_NO_DEFAULT,org/eclipse/jetty/util/UrlEncoded.java,192
MS_PKGPROTECT,org/eclipse/jetty/util/Utf8Appendable.java,51
NP_BOOLEAN_RETURN_NULL,org/eclipse/jetty/logging/JettyLoggerConfiguration.java,81
MS_SHOULD_BE_FINAL,org/eclipse/jetty/logging/JettyLoggingServiceProvider.java,30
RCN_REDUNDANT_NULLCHECK_OF_NONNULL_VALUE,org/eclipse/jetty/logging/StdErrAppender.java,207
RV_RETURN_VALUE_IGNORED_INFERRED,org/eclipse/jetty/logging/Timestamp.java,56
RI_REDUNDANT_INTERFACES,org/eclipse/jetty/hazelcast/session/HazelcastSessionDataStore.java,47
RI_REDUNDANT_INTERFACES,org/eclipse/jetty/hazelcast/session/HazelcastSessionDataStoreFactory.java,38
REC_CATCH_EXCEPTION,org/eclipse/jetty/quickstart/AttributeNormalizer.java,322
NP_NULL_ON_SOME_PATH_MIGHT_BE_INFEASIBLE,org/eclipse/jetty/quickstart/AttributeNormalizer.java,189
REC_CATCH_EXCEPTION,org/eclipse/jetty/quickstart/ExtraXmlDescriptorProcessor.java,48
DM_EXIT,org/eclipse/jetty/quickstart/PreconfigureQuickStartWar.java,141
RV_RETURN_VALUE_IGNORED_BAD_PRACTICE,org/eclipse/jetty/quickstart/PreconfigureQuickStartWar.java,95
MS_MUTABLE_COLLECTION_PKGPROTECT,org/eclipse/jetty/quickstart/QuickStartConfiguration.java,47
RV_RETURN_VALUE_IGNORED_BAD_PRACTICE,org/eclipse/jetty/quickstart/QuickStartConfiguration.java,232
REC_CATCH_EXCEPTION,org/eclipse/jetty/quickstart/QuickStartDescriptorProcessor.java,58
BC_UNCONFIRMED_CAST_OF_RETURN_VALUE,org/eclipse/jetty/quickstart/QuickStartGeneratorConfiguration.java,465
BC_VACUOUS_INSTANCEOF,org/eclipse/jetty/quickstart/QuickStartGeneratorConfiguration.java,690
RV_RETURN_VALUE_IGNORED_NO_SIDE_EFFECT,org/eclipse/jetty/quickstart/QuickStartGeneratorConfiguration.java,143
SIO_SUPERFLUOUS_INSTANCEOF,org/eclipse/jetty/quickstart/QuickStartGeneratorConfiguration.java,690
SE_BAD_FIELD,org/eclipse/jetty/servlets/CGI.java,-1
SIC_INNER_SHOULD_BE_STATIC_ANON,org/eclipse/jetty/servlets/CGI.java,360
DM_DEFAULT_ENCODING,org/eclipse/jetty/servlets/CGI.java,454
SE_NO_SERIALVERSIONID,org/eclipse/jetty/servlets/ConcatServlet.java,59
BC_UNCONFIRMED_CAST,org/eclipse/jetty/servlets/CrossOriginFilter.java,267
HRS_REQUEST_PARAMETER_TO_HTTP_HEADER,org/eclipse/jetty/servlets/CrossOriginFilter.java,300
SE_BAD_FIELD,org/eclipse/jetty/servlets/DataRateLimitedServlet.java,-1
SE_BAD_FIELD,org/eclipse/jetty/servlets/DataRateLimitedServlet.java,-1
BC_UNCONFIRMED_CAST,org/eclipse/jetty/servlets/DoSFilter.java,297
PZLA_PREFER_ZERO_LENGTH_ARRAYS,org/eclipse/jetty/servlets/DoSFilter.java,734
SF_SWITCH_NO_DEFAULT,org/eclipse/jetty/servlets/DoSFilter.java,1504
BC_UNCONFIRMED_CAST,org/eclipse/jetty/servlets/HeaderFilter.java,80
RV_RETURN_VALUE_IGNORED_BAD_PRACTICE,org/eclipse/jetty/servlets/PushCacheFilter.java,262
RV_RETURN_VALUE_IGNORED_BAD_PRACTICE,org/eclipse/jetty/servlets/PushSessionCacheFilter.java,151
BC_UNCONFIRMED_CAST,org/eclipse/jetty/servlets/PutFilter.java,119
RCN_REDUNDANT_NULLCHECK_OF_NONNULL_VALUE,org/eclipse/jetty/servlets/PutFilter.java,215
REC_CATCH_EXCEPTION,org/eclipse/jetty/servlets/PutFilter.java,154
REC_CATCH_EXCEPTION,org/eclipse/jetty/servlets/PutFilter.java,240
RV_RETURN_VALUE_IGNORED_BAD_PRACTICE,org/eclipse/jetty/servlets/PutFilter.java,307
RV_RETURN_VALUE_IGNORED_BAD_PRACTICE,org/eclipse/jetty/servlets/PutFilter.java,252
RV_RETURN_VALUE_IGNORED_BAD_PRACTICE,org/eclipse/jetty/servlets/PutFilter.java,208
BC_UNCONFIRMED_CAST,org/eclipse/jetty/servlets/QoSFilter.java,208
REC_CATCH_EXCEPTION,org/eclipse/jetty/gcloud/session/GCloudSessionDataStore.java,1037
NP_LOAD_OF_KNOWN_NULL_VALUE,org/eclipse/jetty/gcloud/session/GCloudSessionDataStore.java,107
EI_EXPOSE_REP2,org/eclipse/jetty/memcached/session/MemcachedSessionDataMapFactory.java,55
RCN_REDUNDANT_NULLCHECK_OF_NONNULL_VALUE,org/eclipse/jetty/ant/AntMetaInfConfiguration.java,67
DP_CREATE_CLASSLOADER_INSIDE_DO_PRIVILEGED,org/eclipse/jetty/ant/AntWebAppContext.java,573
DP_CREATE_CLASSLOADER_INSIDE_DO_PRIVILEGED,org/eclipse/jetty/ant/AntWebAppContext.java,575
NP_UNWRITTEN_FIELD,org/eclipse/jetty/ant/AntWebAppContext.java,434
RCN_REDUNDANT_NULLCHECK_OF_NONNULL_VALUE,org/eclipse/jetty/ant/AntWebAppContext.java,530
RCN_REDUNDANT_NULLCHECK_OF_NONNULL_VALUE,org/eclipse/jetty/ant/AntWebAppContext.java,467
UWF_UNWRITTEN_FIELD,org/eclipse/jetty/ant/AntWebAppContext.java,434
DMI_COLLECTION_OF_URLS,org/eclipse/jetty/ant/AntWebAppContext.java,170
RCN_REDUNDANT_NULLCHECK_OF_NONNULL_VALUE,org/eclipse/jetty/ant/AntWebAppContext.java,163
RCN_REDUNDANT_NULLCHECK_OF_NONNULL_VALUE,org/eclipse/jetty/ant/AntWebInfConfiguration.java,46
URF_UNREAD_FIELD,org/eclipse/jetty/ant/AntWebXmlConfiguration.java,57
URF_UNREAD_FIELD,org/eclipse/jetty/ant/AntWebXmlConfiguration.java,62
BC_UNCONFIRMED_CAST_OF_RETURN_VALUE,org/eclipse/jetty/ant/JettyRunTask.java,234
DM_DEFAULT_ENCODING,org/eclipse/jetty/ant/JettyStopTask.java,64
DM_DEFAULT_ENCODING,org/eclipse/jetty/ant/JettyStopTask.java,58
UC_USELESS_CONDITION,org/eclipse/jetty/ant/JettyStopTask.java,63
RV_EXCEPTION_NOT_THROWN,org/eclipse/jetty/ant/ServerProxyImpl.java,286
RV_RETURN_VALUE_IGNORED_BAD_PRACTICE,org/eclipse/jetty/ant/ServerProxyImpl.java,362
BC_UNCONFIRMED_CAST,org/eclipse/jetty/alpn/conscrypt/server/ConscryptServerALPNProcessor.java,58
SIC_INNER_SHOULD_BE_STATIC,org/eclipse/jetty/alpn/conscrypt/server/ConscryptServerALPNProcessor.java,75
BC_UNCONFIRMED_CAST,org/eclipse/jetty/alpn/conscrypt/client/ConscryptClientALPNProcessor.java,55
SIC_INNER_SHOULD_BE_STATIC,org/eclipse/jetty/alpn/conscrypt/client/ConscryptClientALPNProcessor.java,76
BC_UNCONFIRMED_CAST,org/eclipse/jetty/alpn/java/server/JDK9ServerALPNProcessor.java,50
BC_UNCONFIRMED_CAST,org/eclipse/jetty/alpn/java/client/JDK9ClientALPNProcessor.java,50
SIC_INNER_SHOULD_BE_STATIC_ANON,com/acme/osgi/Activator.java,41
SE_NO_SERIALVERSIONID,com/acme/HelloWorld.java,31
SE_NO_SERIALVERSIONID,com/acme/osgi/Activator.java,40
ST_WRITE_TO_STATIC_FROM_INSTANCE_METHOD,org/eclipse/jetty/osgi/httpservice/HttpServiceErrorPageErrorHandler.java,41
ST_WRITE_TO_STATIC_FROM_INSTANCE_METHOD,org/eclipse/jetty/osgi/httpservice/HttpServiceErrorPageErrorHandler.java,69
DLS_DEAD_STORE_OF_CLASS_LITERAL,org/eclipse/jetty/osgi/boot/jasper/ContainerTldBundleDiscoverer.java,165
DMI_COLLECTION_OF_URLS,org/eclipse/jetty/osgi/boot/jasper/ContainerTldBundleDiscoverer.java,222
NP_NULL_ON_SOME_PATH_FROM_RETURN_VALUE,org/eclipse/jetty/osgi/boot/jasper/ContainerTldBundleDiscoverer.java,225
NP_NULL_ON_SOME_PATH_FROM_RETURN_VALUE,org/eclipse/jetty/osgi/boot/jasper/ContainerTldBundleDiscoverer.java,233
REC_CATCH_EXCEPTION,org/eclipse/jetty/osgi/boot/jasper/ContainerTldBundleDiscoverer.java,179
DLS_DEAD_LOCAL_STORE,org/eclipse/jetty/osgi/boot/jasper/JSTLBundleDiscoverer.java,68
DLS_DEAD_STORE_OF_CLASS_LITERAL,org/eclipse/jetty/osgi/boot/jasper/JSTLBundleDiscoverer.java,77
DMI_COLLECTION_OF_URLS,org/eclipse/jetty/osgi/boot/jasper/JSTLBundleDiscoverer.java,-1
NP_NULL_ON_SOME_PATH_FROM_RETURN_VALUE,org/eclipse/jetty/osgi/boot/jasper/JSTLBundleDiscoverer.java,144
NP_NULL_ON_SOME_PATH_FROM_RETURN_VALUE,org/eclipse/jetty/osgi/boot/jasper/JSTLBundleDiscoverer.java,152
REC_CATCH_EXCEPTION,org/eclipse/jetty/osgi/boot/jasper/JSTLBundleDiscoverer.java,91
BC_UNCONFIRMED_CAST,com/acme/osgi/Activator.java,50
DP_CREATE_CLASSLOADER_INSIDE_DO_PRIVILEGED,org/eclipse/jetty/osgi/boot/AbstractContextProvider.java,118
REC_CATCH_EXCEPTION,org/eclipse/jetty/osgi/boot/AbstractOSGiApp.java,171
DP_CREATE_CLASSLOADER_INSIDE_DO_PRIVILEGED,org/eclipse/jetty/osgi/boot/AbstractWebAppProvider.java,268
IA_AMBIGUOUS_INVOCATION_OF_INHERITED_OR_OUTER_METHOD,org/eclipse/jetty/osgi/boot/AbstractWebAppProvider.java,433
NP_NULL_ON_SOME_PATH,org/eclipse/jetty/osgi/boot/AbstractWebAppProvider.java,147
RCN_REDUNDANT_NULLCHECK_OF_NONNULL_VALUE,org/eclipse/jetty/osgi/boot/AbstractWebAppProvider.java,380
RCN_REDUNDANT_NULLCHECK_WOULD_HAVE_BEEN_A_NPE,org/eclipse/jetty/osgi/boot/AbstractWebAppProvider.java,316
RCN_REDUNDANT_NULLCHECK_WOULD_HAVE_BEEN_A_NPE,org/eclipse/jetty/osgi/boot/AbstractWebAppProvider.java,174
NP_NULL_ON_SOME_PATH_FROM_RETURN_VALUE,org/eclipse/jetty/osgi/boot/OSGiMetaInfConfiguration.java,282
NP_NULL_ON_SOME_PATH_FROM_RETURN_VALUE,org/eclipse/jetty/osgi/boot/OSGiMetaInfConfiguration.java,290
RCN_REDUNDANT_NULLCHECK_OF_NONNULL_VALUE,org/eclipse/jetty/osgi/boot/OSGiMetaInfConfiguration.java,128
BC_UNCONFIRMED_CAST,org/eclipse/jetty/osgi/boot/OSGiUndeployer.java,40
MS_PKGPROTECT,org/eclipse/jetty/osgi/boot/OSGiWebappConstants.java,137
UCF_USELESS_CONTROL_FLOW,org/eclipse/jetty/osgi/boot/warurl/WarUrlStreamHandler.java,53
EI_EXPOSE_REP,org/eclipse/jetty/jaas/JAASLoginService.java,172
MS_PKGPROTECT,org/eclipse/jetty/jaas/JAASLoginService.java,59
EQ_OVERRIDING_EQUALS_NOT_SYMMETRIC,org/eclipse/jetty/jaas/JAASRole.java,28
HE_EQUALS_NO_HASHCODE,org/eclipse/jetty/jaas/JAASRole.java,28
IS2_INCONSISTENT_SYNC,org/eclipse/jetty/jaas/PropertyUserStoreManager.java,80
EQ_DOESNT_OVERRIDE_EQUALS,org/eclipse/jetty/http/HostPortHttpField.java,1
CI_CONFUSED_INHERITANCE,org/eclipse/jetty/http/HttpCompliance.java,-1
EQ_DOESNT_OVERRIDE_EQUALS,org/eclipse/jetty/http/HttpCookie.java,1
PZLA_PREFER_ZERO_LENGTH_ARRAYS,org/eclipse/jetty/http/HttpField.java,354
EQ_DOESNT_OVERRIDE_EQUALS,org/eclipse/jetty/http/HttpField.java,1
EQ_DOESNT_OVERRIDE_EQUALS,org/eclipse/jetty/http/HttpField.java,1
SIC_INNER_SHOULD_BE_STATIC_ANON,org/eclipse/jetty/http/HttpFields.java,412
UPM_UNCALLED_PRIVATE_METHOD,org/eclipse/jetty/http/HttpFields.java,312
IT_NO_SUCH_ELEMENT,org/eclipse/jetty/http/HttpFields.java,1532
IT_NO_SUCH_ELEMENT,org/eclipse/jetty/http/HttpFields.java,945
PZLA_PREFER_ZERO_LENGTH_ARRAYS,org/eclipse/jetty/http/HttpGenerator.java,808
RC_REF_COMPARISON_BAD_PRACTICE_BOOLEAN,org/eclipse/jetty/http/HttpGenerator.java,649
EI_EXPOSE_REP,org/eclipse/jetty/http/HttpHeader.java,171
EI_EXPOSE_REP,org/eclipse/jetty/http/HttpHeader.java,176
EI_EXPOSE_REP,org/eclipse/jetty/http/HttpMethod.java,93
BC_UNCONFIRMED_CAST,org/eclipse/jetty/http/HttpParser.java,297
BC_UNCONFIRMED_CAST_OF_RETURN_VALUE,org/eclipse/jetty/http/HttpTester.java,438
PZLA_PREFER_ZERO_LENGTH_ARRAYS,org/eclipse/jetty/http/HttpTester.java,345
EQ_DOESNT_OVERRIDE_EQUALS,org/eclipse/jetty/http/HttpTester.java,1
VA_FORMAT_STRING_USES_NEWLINE,org/eclipse/jetty/http/HttpTester.java,541
EQ_DOESNT_OVERRIDE_EQUALS,org/eclipse/jetty/http/HttpTester.java,1
VA_FORMAT_STRING_USES_NEWLINE,org/eclipse/jetty/http/HttpTester.java,582
MS_PKGPROTECT,org/eclipse/jetty/http/HttpTokens.java,116
NS_NON_SHORT_CIRCUIT,org/eclipse/jetty/http/HttpTokens.java,62
RC_REF_COMPARISON_BAD_PRACTICE_BOOLEAN,org/eclipse/jetty/http/HttpURI.java,1264
RC_REF_COMPARISON_BAD_PRACTICE_BOOLEAN,org/eclipse/jetty/http/HttpURI.java,1262
EI_EXPOSE_REP,org/eclipse/jetty/http/HttpVersion.java,107
NP_NULL_PARAM_DEREF_NONVIRTUAL,org/eclipse/jetty/http/MetaData.java,108
NP_LOAD_OF_KNOWN_NULL_VALUE,org/eclipse/jetty/http/MimeTypes.java,337
RCN_REDUNDANT_NULLCHECK_OF_NULL_VALUE,org/eclipse/jetty/http/MimeTypes.java,337
RV_CHECK_FOR_POSITIVE_INDEXOF,org/eclipse/jetty/http/MimeTypes.java,174
EQ_DOESNT_OVERRIDE_EQUALS,org/eclipse/jetty/http/PreEncodedHttpField.java,1
RCN_REDUNDANT_NULLCHECK_WOULD_HAVE_BEEN_A_NPE,org/eclipse/jetty/http/QuotedCSVParser.java,41
MS_SHOULD_BE_FINAL,org/eclipse/jetty/http/QuotedQualityCSV.java,45
RI_REDUNDANT_INTERFACES,org/eclipse/jetty/http/QuotedQualityCSV.java,38
RV_NEGATING_RESULT_OF_COMPARETO,org/eclipse/jetty/http/QuotedQualityCSV.java,231
CI_CONFUSED_INHERITANCE,org/eclipse/jetty/http/UriCompliance.java,-1
RV_RETURN_VALUE_OF_PUTIFABSENT_IGNORED,org/eclipse/jetty/webapp/CachingWebAppClassLoader.java,77
RC_REF_COMPARISON_BAD_PRACTICE_BOOLEAN,org/eclipse/jetty/webapp/ClassMatcher.java,772
RC_REF_COMPARISON_BAD_PRACTICE_BOOLEAN,org/eclipse/jetty/webapp/ClassMatcher.java,785
SE_BAD_FIELD,org/eclipse/jetty/webapp/ClassMatcher.java,-1
SE_NO_SERIALVERSIONID,org/eclipse/jetty/webapp/ClassMatcher.java,238
SE_NO_SERIALVERSIONID,org/eclipse/jetty/webapp/ClassMatcher.java,341
SE_BAD_FIELD,org/eclipse/jetty/webapp/ClassMatcher.java,-1
SE_NO_SERIALVERSIONID,org/eclipse/jetty/webapp/ClassMatcher.java,379
EQ_DOESNT_OVERRIDE_EQUALS,org/eclipse/jetty/webapp/ClassMatcher.java,1
EQ_DOESNT_OVERRIDE_EQUALS,org/eclipse/jetty/webapp/ClassMatcher.java,1
REC_CATCH_EXCEPTION,org/eclipse/jetty/webapp/Configurations.java,133
NM_SAME_SIMPLE_NAME_AS_SUPERCLASS,org/eclipse/jetty/webapp/DecoratingListener.java,29
MS_PKGPROTECT,org/eclipse/jetty/webapp/FragmentDescriptor.java,32
ST_WRITE_TO_STATIC_FROM_INSTANCE_METHOD,org/eclipse/jetty/webapp/FragmentDescriptor.java,69
MS_PKGPROTECT,org/eclipse/jetty/webapp/IterativeDescriptorProcessor.java,28
DMI_COLLECTION_OF_URLS,org/eclipse/jetty/webapp/MetaInfConfiguration.java,673
DMI_COLLECTION_OF_URLS,org/eclipse/jetty/webapp/MetaInfConfiguration.java,703
MS_MUTABLE_COLLECTION_PKGPROTECT,org/eclipse/jetty/webapp/MetaInfConfiguration.java,77
RCN_REDUNDANT_NULLCHECK_OF_NONNULL_VALUE,org/eclipse/jetty/webapp/MetaInfConfiguration.java,272
REC_CATCH_EXCEPTION,org/eclipse/jetty/webapp/MetaInfConfiguration.java,785
SIC_INNER_SHOULD_BE_STATIC,org/eclipse/jetty/webapp/MetaInfConfiguration.java,92
SIC_INNER_SHOULD_BE_STATIC,org/eclipse/jetty/webapp/MetaInfConfiguration.java,126
BC_UNCONFIRMED_CAST_OF_RETURN_VALUE,org/eclipse/jetty/webapp/StandardDescriptorProcessor.java,1137
DB_DUPLICATE_SWITCH_CLAUSES,org/eclipse/jetty/webapp/StandardDescriptorProcessor.java,1043
RCN_REDUNDANT_NULLCHECK_OF_NONNULL_VALUE,org/eclipse/jetty/webapp/StandardDescriptorProcessor.java,1488
RCN_REDUNDANT_NULLCHECK_OF_NONNULL_VALUE,org/eclipse/jetty/webapp/StandardDescriptorProcessor.java,337
REC_CATCH_EXCEPTION,org/eclipse/jetty/webapp/StandardDescriptorProcessor.java,99
RCN_REDUNDANT_NULLCHECK_OF_NONNULL_VALUE,org/eclipse/jetty/webapp/WebAppClassLoader.java,347
REC_CATCH_EXCEPTION,org/eclipse/jetty/webapp/WebAppClassLoader.java,315
DP_CREATE_CLASSLOADER_INSIDE_DO_PRIVILEGED,org/eclipse/jetty/webapp/WebAppContext.java,492
MS_SHOULD_BE_FINAL,org/eclipse/jetty/webapp/WebDescriptor.java,37
RCN_REDUNDANT_NULLCHECK_WOULD_HAVE_BEEN_A_NPE,org/eclipse/jetty/webapp/WebInfConfiguration.java,481
REC_CATCH_EXCEPTION,org/eclipse/jetty/webapp/WebInfConfiguration.java,525
RV_RETURN_VALUE_IGNORED_BAD_PRACTICE,org/eclipse/jetty/webapp/WebInfConfiguration.java,367
RV_RETURN_VALUE_IGNORED_BAD_PRACTICE,org/eclipse/jetty/webapp/WebInfConfiguration.java,373
RV_RETURN_VALUE_IGNORED_BAD_PRACTICE,org/eclipse/jetty/webapp/WebInfConfiguration.java,368
BC_UNCONFIRMED_CAST_OF_RETURN_VALUE,org/eclipse/jetty/webapp/WebXmlConfiguration.java,119
REC_CATCH_EXCEPTION,org/eclipse/jetty/cdi/CdiSpiDecorator.java,92
MSF_MUTABLE_SERVLET_FIELD,org/eclipse/jetty/proxy/AbstractProxyServlet.java,315
MTIA_SUSPECT_SERVLET_INSTANCE_FIELD,org/eclipse/jetty/proxy/AbstractProxyServlet.java,186
MTIA_SUSPECT_SERVLET_INSTANCE_FIELD,org/eclipse/jetty/proxy/AbstractProxyServlet.java,315
SE_NO_SERIALVERSIONID,org/eclipse/jetty/proxy/AsyncMiddleManServlet.java,65
UWF_FIELD_NOT_INITIALIZED_IN_CONSTRUCTOR,org/eclipse/jetty/proxy/AsyncMiddleManServlet.java,621
SE_BAD_FIELD,org/eclipse/jetty/proxy/AsyncMiddleManServlet.java,-1
SE_NO_SERIALVERSIONID,org/eclipse/jetty/proxy/AsyncMiddleManServlet.java,234
SE_NO_SERIALVERSIONID,org/eclipse/jetty/proxy/AsyncProxyServlet.java,42
SE_BAD_FIELD,org/eclipse/jetty/proxy/AsyncProxyServlet.java,-1
SE_NO_SERIALVERSIONID,org/eclipse/jetty/proxy/AsyncProxyServlet.java,103
MSF_MUTABLE_SERVLET_FIELD,org/eclipse/jetty/proxy/BalancerServlet.java,107
MSF_MUTABLE_SERVLET_FIELD,org/eclipse/jetty/proxy/BalancerServlet.java,142
MTIA_SUSPECT_SERVLET_INSTANCE_FIELD,org/eclipse/jetty/proxy/BalancerServlet.java,107
MTIA_SUSPECT_SERVLET_INSTANCE_FIELD,org/eclipse/jetty/proxy/BalancerServlet.java,88
SE_BAD_FIELD,org/eclipse/jetty/proxy/BalancerServlet.java,-1
SE_NO_SERIALVERSIONID,org/eclipse/jetty/proxy/BalancerServlet.java,32
IA_AMBIGUOUS_INVOCATION_OF_INHERITED_OR_OUTER_METHOD,org/eclipse/jetty/proxy/ConnectHandler.java,504
UWF_FIELD_NOT_INITIALIZED_IN_CONSTRUCTOR,org/eclipse/jetty/proxy/ProxyConnection.java,157
UWF_FIELD_NOT_INITIALIZED_IN_CONSTRUCTOR,org/eclipse/jetty/proxy/ProxyConnection.java,105
SE_NO_SERIALVERSIONID,org/eclipse/jetty/proxy/ProxyServlet.java,43
SE_BAD_FIELD,org/eclipse/jetty/proxy/ProxyServlet.java,-1
SE_NO_SERIALVERSIONID,org/eclipse/jetty/proxy/ProxyServlet.java,159
SIC_INNER_SHOULD_BE_STATIC_ANON,org/eclipse/jetty/util/ajax/JSON.java,297
EI_EXPOSE_REP,org/eclipse/jetty/util/ajax/JSON.java,1512
EI_EXPOSE_REP,org/eclipse/jetty/util/ajax/JSON.java,1440
REC_CATCH_EXCEPTION,org/eclipse/jetty/util/ajax/JSONCollectionConvertor.java,43
REC_CATCH_EXCEPTION,org/eclipse/jetty/util/ajax/JSONPojoConvertor.java,233
NP_LOAD_OF_KNOWN_NULL_VALUE,org/eclipse/jetty/util/ajax/JSONPojoConvertor.java,298
REC_CATCH_EXCEPTION,org/eclipse/jetty/util/ajax/JSONPojoConvertor.java,358
DMI_COLLECTION_OF_URLS,org/eclipse/jetty/jspc/plugin/JspcMojo.java,530
DMI_COLLECTION_OF_URLS,org/eclipse/jetty/jspc/plugin/JspcMojo.java,540
DMI_COLLECTION_OF_URLS,org/eclipse/jetty/jspc/plugin/JspcMojo.java,552
DMI_COLLECTION_OF_URLS,org/eclipse/jetty/jspc/plugin/JspcMojo.java,566
DMI_COLLECTION_OF_URLS,org/eclipse/jetty/jspc/plugin/JspcMojo.java,564
DM_DEFAULT_ENCODING,org/eclipse/jetty/jspc/plugin/JspcMojo.java,423
DM_DEFAULT_ENCODING,org/eclipse/jetty/jspc/plugin/JspcMojo.java,424
DP_CREATE_CLASSLOADER_INSIDE_DO_PRIVILEGED,org/eclipse/jetty/jspc/plugin/JspcMojo.java,291
NS_NON_SHORT_CIRCUIT,org/eclipse/jetty/jspc/plugin/JspcMojo.java,334
RV_RETURN_VALUE_IGNORED_BAD_PRACTICE,org/eclipse/jetty/jspc/plugin/JspcMojo.java,391
RV_RETURN_VALUE_IGNORED_BAD_PRACTICE,org/eclipse/jetty/jspc/plugin/JspcMojo.java,485
UC_USELESS_OBJECT,org/eclipse/jetty/jspc/plugin/JspcMojo.java,295
